"","GEOID","medianhhincome_2010","aian_2010","asian_2010","hhlivingalone_2010","black_2010","blackmedianincome_2010","blackpoverty_2010","familyhouseholds_2010","fouryeardegree_2010","graddegree_2010","hsgrad_2010","latino_2010","latinopoverty_2010","lessthanhs_2010","medianage_2010","grossrent_2010","monthlyhousingcost_2010","multipleraces_2010","nonfamilyhouseholds_2010","numberofhousingunits_2010","over25population_2010","poverty_2010","totalpopulation_2010","vacantunits_2010","white_2010","white25andolder_2010","whitemedianincome_2010","whitepoverty_2010","renters_2010","occupiedunits_2010","vacancyrate_2010","pctwhite_2010","pctblack_2010","pctlatino_2010","pctwhitepoverty_2010","pctblackpoverty_2010","pctlatinopoverty_2010","pctpoverty_2010","pctlessthanhs_2010","pcthsgrad_2010","pctfouryeardegree_2010","pctgraddegree_2010","pctrenters_2010"
"1",39049000110,60784,0,93,738,0,NA,0,840,973,671,408,63,63,60,40,970,1226,0,979,1963,2797,396,3611,144,3482,2729,60212,350,312,3611,7.33571064696893,96.4275823871504,0,1.74466906674051,10.0516944284894,NA,100,10.9664912766547,2.14515552377547,14.5870575616732,34.7872720772256,23.9899892742224,8.64026585433398
"2",39049000120,81696,0,29,549,55,2499,32,871,861,710,344,55,55,20,46,736,1143,0,611,1573,2409,276,3058,91,2911,2331,82556,244,278,3032,5.78512396694215,95.192936559843,1.79856115107914,1.79856115107914,8.38199931295088,58.1818181818182,100,9.02550686723349,0.8302200083022,14.2797841427978,35.7409713574097,29.4728102947281,9.1688654353562
"3",39049000210,75294,0,37,412,18,NA,0,680,1024,587,201,132,132,30,38.9,679,1189,0,660,1471,2249,224,2858,131,2733,2160,72351,208,277,2858,8.90550645819171,95.6263121063681,0.629811056682995,4.6186144156753,7.61068422978412,0,100,7.83764870538838,1.33392618941752,8.93730546909738,45.5313472654513,26.1004891062695,9.69209237228831
"4",39049000220,96524,0,23,358,24,NA,0,1068,1257,915,194,26,26,80,44.2,493,1502,0,512,1663,2858,137,3769,83,3692,2813,96492,137,126,3769,4.99098015634396,97.9570177765986,0.636773680021226,0.689838153356328,3.71072589382449,0,100,3.6349164234545,2.79916025192442,6.78796361091672,43.9818054583625,32.0153953813856,3.34306182011144
"5",39049000310,41168,0,14,355,907,38883,196,886,280,127,786,90,90,259,35.8,744,830,0,439,1612,2236,452,3128,287,2036,1549,41824,227,538,3128,17.8039702233251,65.0895140664962,28.9961636828645,2.8772378516624,11.1493123772102,21.6097023153253,100,14.4501278772379,11.5831842576029,35.1520572450805,12.5223613595707,5.67978533094812,17.1994884910486
"6",39049000320,46500,0,86,382,231,53750,0,656,222,56,591,0,0,159,44,940,859,0,400,1119,1679,123,2252,63,1912,1489,44949,117,188,2252,5.63002680965147,84.9023090586146,10.2575488454707,0,6.11924686192469,0,NA,5.46181172291297,9.46992257296009,35.1995235259083,13.222156045265,3.33531864204884,8.34813499111901
"7",39049000330,33882,0,0,341,445,42609,186,471,159,51,562,56,56,324,30.3,779,796,0,483,1160,1577,940,2433,206,1927,1318,34868,735,517,2433,17.7586206896552,79.2026304973284,18.2901767365393,2.30168516235101,38.1421899325376,41.7977528089888,100,38.6354295108919,20.5453392517438,35.6372859860495,10.0824350031706,3.23398858592264,21.2494862309905
"8",39049000410,55865,0,46,470,233,NA,15,371,995,502,154,38,38,0,28.9,858,962,0,826,1344,2000,216,2539,147,2090,1712,54865,201,764,2539,10.9375,82.315872390705,9.17684127609295,1.49665222528555,9.61722488038277,6.43776824034335,100,8.50728633320205,0,7.7,49.75,25.1,30.0905868452147
"9",39049000420,66125,25,0,577,0,NA,0,717,789,633,290,134,134,14,36.9,754,1075,29,796,1588,2362,114,3153,75,3044,2302,65875,114,452,3153,4.72292191435768,96.5429749444973,0,4.24992071043451,3.74507227332457,NA,100,3.61560418648906,0.592718035563082,12.2777307366638,33.4038950042337,26.7993226079594,14.3355534411671
"10",39049000500,47689,0,424,731,141,NA,50,880,1008,724,298,108,108,41,29.9,790,923,0,1078,2233,2791,698,4102,275,3450,2445,49349,451,1073,4102,12.3152709359606,84.1053144807411,3.43734763529985,2.63286201852755,13.0724637681159,35.4609929078014,100,17.0160897123354,1.46900752418488,10.6771766391974,36.1160874238624,25.9405231099964,26.1579717211117
"11",39049000600,41433,0,204,726,253,20428,81,581,775,595,328,75,75,99,29.1,695,767,10,1159,2027,2266,826,3625,287,2951,1917,42348,681,1323,3625,14.158855451406,81.4068965517241,6.97931034482759,2.06896551724138,23.0769230769231,32.0158102766798,100,22.7862068965517,4.36893203883495,14.4748455428067,34.2012356575463,26.2577228596646,36.4965517241379
"12",39049000710,24410,0,69,521,872,23077,388,602,128,23,747,222,222,420,31.7,816,794,0,669,1508,1741,990,2844,237,1818,1215,25101,560,595,2844,15.7161803713528,63.9240506329114,30.6610407876231,7.80590717299578,30.8030803080308,44.4954128440367,100,34.8101265822785,24.1240666283745,42.9063756461804,7.35209649626651,1.32107983917289,20.9212376933896
"13",39049000720,22881,0,0,285,2089,24263,1015,641,96,58,626,85,85,501,30.1,682,693,0,364,1215,1725,1427,3035,210,857,640,18826,382,533,3035,17.2839506172839,28.2372322899506,68.830313014827,2.8006589785832,44.5740956826138,48.5878410722834,100,47.0181219110379,29.0434782608696,36.2898550724638,5.56521739130435,3.36231884057971,17.5617792421746
"14",39049000730,19973,0,39,290,2807,20362,1375,711,136,69,705,56,56,447,28.8,720,648,0,375,1780,1625,1399,2887,694,41,21,13558,24,522,2887,38.9887640449438,1.42015933494977,97.22895739522,1.93972982334603,58.5365853658537,48.9846811542572,100,48.4586075510911,27.5076923076923,43.3846153846154,8.36923076923077,4.24615384615385,18.0810529961898
"15",39049000810,31463,0,54,402,891,19647,463,520,169,31,732,13,13,386,40.4,775,757,0,499,1134,1649,802,2382,115,1348,1018,38542,332,313,2382,10.1410934744268,56.5910999160369,37.4055415617128,0.54575986565911,24.6290801186944,51.9640852974186,100,33.6691855583543,23.4081261370528,44.3905397210431,10.2486355366889,1.87992722862341,13.1402183039463
"16",39049000820,27188,0,84,423,1114,16433,586,678,159,63,659,0,0,475,35.2,615,708,0,484,1559,1741,1066,2739,397,1419,1110,35781,410,563,2739,25.4650416933932,51.8072289156626,40.6717780211756,0,28.8935870331219,52.6032315978456,NA,38.9193136181088,27.283170591614,37.8518093049971,9.13268236645606,3.61860999425617,20.5549470609712
"17",39049000910,23897,0,0,321,2431,19702,1130,865,104,25,977,82,57,418,32.2,752,770,6,380,1636,2020,1489,3474,391,931,649,26518,359,583,3474,23.8997555012225,26.7990788716177,69.9769717904433,2.36039147956246,38.5606874328679,46.48292883587,69.5121951219512,42.8612550374208,20.6930693069307,48.3663366336634,5.14851485148515,1.23762376237624,16.7818077144502
"18",39049000920,15806,0,0,321,1501,14318,990,439,38,11,483,22,22,383,30.6,686,666,0,405,1093,1118,1131,2055,249,516,461,20375,120,546,2055,22.7813357731016,25.1094890510949,73.0413625304136,1.0705596107056,23.2558139534884,65.9560293137908,100,55.036496350365,34.257602862254,43.2021466905188,3.39892665474061,0.983899821109123,26.5693430656934
"19",39049001000,24380,0,154,751,248,14605,167,408,614,400,107,126,126,74,22.1,807,816,0,1699,2448,1775,2938,5448,341,4727,1458,25931,2512,1653,5448,13.9297385620915,86.765785609398,4.55212922173275,2.31277533039648,53.1415273958113,67.3387096774193,100,53.928046989721,4.16901408450704,6.02816901408451,34.5915492957746,22.5352112676056,30.34140969163
"20",39049001110,13184,0,230,417,11,NA,11,83,170,73,79,72,72,0,21.4,765,768,27,1031,1546,409,2021,2863,432,2491,332,13903,1752,1090,2863,27.9430789133247,87.0066363953894,0.384212364652462,2.5148445686343,70.3331995182658,100,100,70.5902899056933,0,19.3154034229829,41.5647921760391,17.8484107579462,38.0719524973804
"21",39049001121,7361,18,769,24,330,NA,0,0,26,142,0,168,0,0,19.4,1014,1014,56,65,65,194,209,7908,0,6393,35,7361,209,65,227,0,80.8421851289833,4.17298937784522,2.12443095599393,3.26920068825278,0,0,2.64289327263531,0,0,13.4020618556701,73.1958762886598,28.6343612334802
"22",39049001122,15625,0,725,197,339,2499,168,289,178,344,58,112,14,45,20.4,706,641,18,317,771,783,686,2912,165,1746,376,16917,279,502,1301,21.4007782101167,59.9587912087912,11.6414835164835,3.84615384615385,15.979381443299,49.5575221238938,12.5,23.5576923076923,5.74712643678161,7.40740740740741,22.7330779054917,43.933588761175,38.5857033051499
"23",39049001200,17429,0,177,352,255,7344,190,112,233,128,98,102,102,106,21.8,917,897,9,1284,1648,701,3941,5104,252,4465,585,18091,3430,1268,4963,15.2912621359223,87.480407523511,4.99608150470219,1.99843260188088,76.8197088465845,74.5098039215686,100,77.2139498432602,15.1212553495007,13.9800285306705,33.2382310984308,18.2596291012839,25.5490630666935
"24",39049001300,12112,0,217,736,328,6938,303,194,186,61,145,258,236,69,21.5,772,767,22,1740,2297,769,3864,5404,363,4509,570,13315,3182,1853,5062,15.8032215933827,83.4381939304219,6.06957809030348,4.77424130273871,70.5699711687736,92.3780487804878,91.4728682170543,71.5025906735751,8.97269180754226,18.8556566970091,24.1872561768531,7.93237971391417,36.6060845515606
"25",39049001400,24632,0,30,214,1058,22295,417,291,9,16,309,0,0,179,27.2,773,706,0,224,829,683,489,1340,314,121,103,37604,66,324,1340,37.8769601930036,9.02985074626866,78.955223880597,0,54.5454545454545,39.413988657845,NA,36.4925373134328,26.207906295754,45.2415812591508,1.31771595900439,2.34260614934114,24.1791044776119
"26",39049001500,12416,0,0,216,1504,13071,919,408,33,14,303,0,0,194,29.3,520,523,0,233,879,819,951,1559,238,23,23,NA,0,470,1559,27.0762229806598,1.47530468248877,96.4720974983964,0,0,61.1037234042553,NA,61.0006414368185,23.6874236874237,36.996336996337,4.02930402930403,1.70940170940171,30.1475304682489
"27",39049001600,11360,0,60,253,625,7425,550,168,128,10,125,0,0,138,23.3,564,547,0,355,945,500,850,1096,422,411,278,15875,240,464,1096,44.6560846560847,37.5,57.0255474452555,0,58.3941605839416,88,NA,77.5547445255474,27.6,25,25.6,2,42.3357664233577
"28",39049001700,12443,0,190,452,645,10250,422,325,119,58,274,189,189,237,22.4,571,591,13,682,1419,893,1434,2333,412,1234,494,17972,696,894,2333,29.0345313601128,52.8932704672096,27.6468066866695,8.10115730818688,56.4019448946515,65.4263565891473,100,61.4659237033862,26.5397536394177,30.6830907054871,13.3258678611422,6.494960806271,38.3197599657094
"29",39049001810,17202,0,665,778,119,4850,69,187,442,342,109,25,25,96,21.9,590,594,0,1388,1877,1168,2669,3994,302,3063,773,15841,2212,1527,3851,16.0895045285029,76.6900350525789,2.97946920380571,0.625938908362544,72.2167809337251,57.9831932773109,100,66.8252378567852,8.21917808219178,9.33219178082192,37.8424657534247,29.2808219178082,39.6520384315762
"30",39049001820,33750,0,122,540,164,13385,93,321,825,319,126,182,182,68,25.8,814,874,0,955,1444,1549,744,2513,168,2064,1365,42466,391,1005,2513,11.6343490304709,82.132908873856,6.52606446478313,7.24233983286908,18.9437984496124,56.7073170731707,100,29.6060485475527,4.38992898644287,8.13428018076178,53.2601678502259,20.593931568754,39.992041384799
"31",39049001901,41778,0,67,662,34,24348,0,382,684,126,115,23,23,0,27.6,835,854,0,903,1428,1390,439,2226,143,1886,1266,41525,418,1015,2226,10.0140056022409,84.7259658580413,1.52740341419587,1.03324348607367,22.1633085896076,0,100,19.7214734950584,0,8.27338129496403,49.2086330935252,9.06474820143885,45.5974842767296
"32",39049001902,37568,0,257,1410,82,2499,65,384,1043,441,382,109,109,253,31.3,666,680,13,1771,2543,2657,476,3099,388,2661,2308,39682,319,1834,3099,15.2575697994495,85.8664085188771,2.6460148434979,3.51726363343014,11.9879744456971,79.2682926829268,100,15.3597934817683,9.52201731275875,14.3771170493037,39.2547986450884,16.5976665412119,59.1803807679897
"33",39049002000,69907,0,39,691,170,90000,66,473,1026,819,322,152,152,232,31.2,893,1170,0,1171,1854,2801,873,3596,210,3296,2579,69514,807,877,3250,11.3268608414239,91.6573971078977,4.72747497219132,4.22691879866518,24.4842233009709,38.8235294117647,100,24.2769744160178,8.28275615851482,11.4958943234559,36.6297750803285,29.2395573009639,26.9846153846154
"34",39049002100,49682,0,127,638,44,12500,22,139,717,460,94,20,20,31,30.2,883,970,0,984,1280,1481,265,1798,157,1554,1322,49492,243,731,1798,12.265625,86.4293659621802,2.44716351501669,1.11234705228031,15.6370656370656,50,100,14.7385984427141,2.09318028359217,6.34706279540851,48.4132343011479,31.0600945307225,40.6562847608454
"35",39049002200,51958,0,10,341,292,7031,196,235,548,240,66,41,41,50,29.5,952,1056,10,588,1048,1184,454,1675,225,1315,1011,64091,258,559,1675,21.469465648855,78.5074626865672,17.4328358208955,2.44776119402985,19.6197718631179,67.1232876712329,100,27.1044776119403,4.22297297297297,5.57432432432432,46.2837837837838,20.2702702702703,33.3731343283582
"36",39049002300,37000,0,0,253,944,32333,500,244,85,0,361,0,0,148,34.3,748,735,0,304,862,787,526,1225,314,261,139,26429,26,468,1225,36.4269141531323,21.3061224489796,77.0612244897959,0,9.96168582375479,52.9661016949153,NA,42.9387755102041,18.8055908513342,45.8703939008895,10.8005082592122,0,38.2040816326531
"37",39049002510,30523,0,0,443,2246,29242,610,657,161,75,664,184,184,278,36.1,837,673,0,541,1413,1617,730,2673,215,404,212,44265,120,420,2673,15.2158527954706,15.1141040029929,84.0254395809951,6.88365132809577,29.7029702970297,27.1593944790739,100,27.3101384212495,17.1923314780458,41.0636982065554,9.95670995670996,4.63821892393321,15.712682379349
"38",39049002520,34875,0,0,615,2057,31176,491,549,254,134,524,41,41,218,39.7,527,776,0,684,1682,1809,533,2459,449,236,196,32875,42,566,2459,26.6944114149822,9.59739731598211,83.6518910126068,1.66734444896299,17.7966101694915,23.869713174526,100,21.6754778365189,12.0508568269762,28.9662797125484,14.04090657822,7.40740740740741,23.0174867832452
"39",39049002600,22107,0,0,618,1953,23111,866,855,134,96,893,752,752,657,30.6,638,638,105,721,1911,2310,1781,3779,335,1562,1083,19872,699,937,3755,17.5300889586604,41.3336861603599,51.6803387139455,19.8994442974332,44.7503201024328,44.342037890425,100,47.1288700714475,28.4415584415584,38.6580086580087,5.8008658008658,4.15584415584416,24.9533954727031
"40",39049002710,20833,0,52,334,1225,21806,551,384,66,32,363,306,306,324,33.8,626,626,0,424,1165,1061,871,1756,357,181,113,12316,120,808,1756,30.6437768240343,10.3075170842825,69.7608200455581,17.4259681093394,66.2983425414365,44.9795918367347,100,49.6013667425968,30.5372290292177,34.2130065975495,6.22054665409991,3.01602262016965,46.0136674259681
"41",39049002730,21937,0,19,228,1270,13973,822,519,66,17,370,105,105,244,26,702,723,0,265,1114,1084,841,1965,330,652,447,38796,0,569,1965,29.6229802513465,33.1806615776081,64.6310432569975,5.34351145038168,0,64.7244094488189,100,42.7989821882952,22.5092250922509,34.1328413284133,6.08856088560886,1.56826568265683,28.9567430025445
"42",39049002740,63953,0,0,332,314,62604,39,567,382,336,257,31,31,101,46.6,757,1147,0,393,1104,1595,199,2177,144,1785,1334,64919,160,121,2177,13.0434782608696,81.9935691318328,14.4235186035829,1.42397795130914,8.96358543417367,12.4203821656051,100,9.14101975195223,6.33228840125392,16.1128526645768,23.9498432601881,21.0658307210031,5.55810748736794
"43",39049002750,27232,0,0,349,1210,18846,585,540,65,24,589,139,139,375,36.3,727,767,0,396,1191,1387,747,2057,255,621,450,32155,135,444,2057,21.4105793450882,30.1895964997569,58.8235294117647,6.75741370928537,21.7391304347826,48.3471074380165,100,36.3150218765192,27.0367700072098,42.4657534246575,4.68637346791637,1.73035328046143,21.5848322800194
"44",39049002760,36688,0,135,744,1044,27872,220,681,506,269,728,0,0,211,37.5,708,858,0,885,1821,2146,415,2992,255,1749,1330,42656,172,782,2992,14.003294892916,58.4558823529412,34.8930481283422,0,9.83419096626644,21.0727969348659,NA,13.870320855615,9.83224603914259,33.923578751165,23.5787511649581,12.5349487418453,26.1363636363636
"45",39049002770,29074,0,38,224,1753,29938,738,574,61,15,623,125,125,376,31,798,779,0,274,1006,1429,918,2505,158,625,507,25729,143,416,2505,15.7057654075547,24.9500998003992,69.9800399201597,4.99001996007984,22.88,42.0992584141472,100,36.6467065868263,26.3121063680896,43.5969209237229,4.26871938418474,1.04968509447166,16.6067864271457
"46",39049002780,49840,0,127,482,767,55648,56,556,338,307,327,9,9,171,51.2,583,915,0,503,1220,1687,183,2152,161,1209,951,49375,113,343,2133,13.1967213114754,56.1802973977695,35.6412639405204,0.4182156133829,9.34656741108354,7.30117340286832,100,8.50371747211896,10.1363366923533,19.3835210432721,20.0355660936574,18.1979845880261,16.0806375996249
"47",39049002800,21477,0,0,473,2641,15197,1311,669,169,77,579,14,14,371,28.8,518,568,0,559,1717,1719,1320,3000,489,249,232,69625,0,814,3000,28.4799068142108,8.3,88.0333333333333,0.466666666666667,0,49.6402877697842,100,44,21.5823152995928,33.6823734729494,9.83129726585224,4.47934845840605,27.1333333333333
"48",39049002900,9083,0,9,531,1920,9289,1541,430,81,9,448,51,51,304,28.5,213,239,14,560,1384,1111,1787,2175,394,138,92,8632,129,873,2175,28.4682080924855,6.3448275862069,88.2758620689655,2.3448275862069,93.4782608695652,80.2604166666667,100,82.1609195402299,27.3627362736274,40.3240324032403,7.29072907290729,0.81008100810081,40.1379310344828
"49",39049003000,45417,0,92,890,709,10688,454,235,550,338,442,163,123,387,36.7,663,970,0,1087,1566,2081,1006,2700,244,1831,1400,62982,472,974,1952,15.581098339719,67.8148148148148,26.2592592592593,6.03703703703704,25.7782632441289,64.033850493653,75.4601226993865,37.2592592592593,18.5968284478616,21.2397885631908,26.4296011532917,16.2421912542047,49.8975409836066
"50",39049003200,45642,0,78,537,201,48150,0,129,450,378,145,87,87,66,30,864,897,0,904,1171,1408,182,1886,138,1575,1158,46723,165,896,1714,11.7847993168232,83.5100742311771,10.6574761399788,4.61293743372216,10.4761904761905,0,100,9.65005302226935,4.6875,10.2982954545455,31.9602272727273,26.8465909090909,52.2753792298716
"51",39049003600,19488,0,0,287,1226,18914,532,303,147,14,231,33,33,160,26.6,535,577,0,344,1020,828,628,1549,373,216,156,65042,74,448,1549,36.5686274509804,13.9444803098773,79.1478373143964,2.13040671400904,34.2592592592593,43.3931484502447,100,40.5422853453841,19.3236714975845,27.8985507246377,17.7536231884058,1.69082125603865,28.921885087153
"52",39049003700,24200,0,248,702,2328,24575,704,702,282,194,703,4,4,345,36.7,615,712,0,834,2150,2300,1097,3467,614,872,671,17019,333,1037,3300,28.5581395348837,25.151427747332,67.1473896740698,0.115373521776752,38.1880733944954,30.2405498281787,100,31.6411883472743,15,30.5652173913044,12.2608695652174,8.43478260869565,31.4242424242424
"53",39049003800,24524,0,11,679,917,9783,566,332,362,176,245,51,51,144,33.3,499,603,0,846,1350,1417,810,1985,172,1045,916,46213,232,781,1985,12.7407407407407,52.6448362720403,46.1964735516373,2.56926952141058,22.200956937799,61.7230098146129,100,40.8060453400504,10.1623147494707,17.2900494001411,25.5469301340861,12.4206069160198,39.3450881612091
"54",39049004000,20033,0,177,1775,471,14280,184,174,650,263,381,20,20,210,45.1,442,483,0,1909,2307,2112,824,2431,224,1721,1449,20598,580,1724,2431,9.70957954052883,70.7939119703826,19.3747429041547,0.822706705059646,33.7013364323068,39.0658174097665,100,33.8955162484574,9.94318181818182,18.0397727272727,30.7765151515151,12.4526515151515,70.9173179761415
"55",39049004200,7161,0,0,271,491,6690,456,217,0,0,216,0,0,195,32.4,243,252,0,271,616,557,640,859,128,313,239,17333,129,470,859,20.7792207792208,36.4377182770664,57.1594877764843,0,41.2140575079872,92.8716904276986,NA,74.5052386495926,35.0089766606822,38.7791741472172,0,0,54.7147846332945
"56",39049004300,32479,0,325,1309,567,27683,45,970,1391,403,525,300,300,979,27.1,925,923,0,2040,3317,3864,1801,6018,307,4996,3216,41728,1416,2469,6018,9.25535122098282,83.0176138251911,9.42173479561316,4.98504486540379,28.3426741393114,7.93650793650794,100,29.9268860086407,25.3364389233954,13.5869565217391,35.9989648033126,10.4296066252588,41.0269192422732
"57",39049004500,37803,0,293,478,963,32533,381,1121,273,20,1296,431,431,1353,32.8,748,822,24,622,2126,3700,1585,5857,383,4352,2810,38693,1115,983,5380,18.0150517403575,74.304251323203,16.4418644357179,7.35871606624552,25.6204044117647,39.5638629283489,100,27.06163564965,36.5675675675676,35.027027027027,7.37837837837838,0.540540540540541,18.271375464684
"58",39049004610,53510,0,101,445,338,61576,97,956,634,128,811,61,61,202,37.2,851,1040,14,553,1603,2499,493,3446,94,2887,2192,52378,302,345,3446,5.86400499064255,83.7782936738247,9.8084735925711,1.77016831108532,10.4606858330447,28.698224852071,100,14.3064422518862,8.08323329331733,32.452981192477,25.3701480592237,5.12204881952781,10.0116076610563
"59",39049004620,26294,0,76,239,707,14649,481,576,119,29,509,0,0,501,23.9,817,819,0,347,1119,1374,1134,2860,196,1918,985,28571,588,563,2860,17.5156389633601,67.0629370629371,24.7202797202797,0,30.6569343065693,68.033946251768,NA,39.6503496503496,36.4628820960699,37.0451237263464,8.6608442503639,2.11062590975255,19.6853146853147
"60",39049004700,17360,0,0,499,1799,17041,638,1050,185,15,1046,377,377,706,26.8,844,854,0,569,2245,2487,2291,4836,626,2491,1471,16820,1366,903,4836,27.8841870824053,51.509511993383,37.2001654259719,7.79569892473118,54.8374146928944,35.4641467481934,100,47.3738626964433,28.3876156011259,42.0587052673904,7.43868114193808,0.60313630880579,18.6724565756824
"61",39049004810,44309,0,0,239,413,24712,71,774,315,140,625,115,115,449,33.9,845,912,0,360,1257,2015,607,3029,123,2423,1663,49559,487,446,3029,9.78520286396181,79.9933971607791,13.6348629910862,3.79663255199736,20.0990507635163,17.1912832929782,100,20.0396170353252,22.2828784119107,31.0173697270471,15.6327543424318,6.94789081885856,14.7243314625289
"62",39049004820,24110,0,59,304,200,23081,72,551,110,11,644,0,0,436,32.9,746,768,0,381,1143,1571,815,2243,211,1717,1217,30194,578,340,2243,18.4601924759405,76.5492643780651,8.91662951404369,0,33.6633663366337,36,NA,36.335265269728,27.7530235518778,40.9929980903883,7.00190961171229,0.700190961171229,15.1582701738743
"63",39049004900,35135,0,91,571,934,23333,369,1334,174,46,1294,172,172,1147,39,702,720,0,716,2661,3557,1241,5311,611,4079,2791,38467,804,937,5311,22.9612927470876,76.8028619845603,17.5861419694973,3.23856147618151,19.7107134101495,39.5074946466809,100,23.3665976275654,32.2462749508012,36.3789710430138,4.89176272139443,1.29322462749508,17.6426285068725
"64",39049005000,19310,0,20,719,976,11579,566,1024,146,41,1061,142,142,1851,31.5,609,645,0,876,2573,3781,3129,5884,673,4859,3135,20750,2563,1347,5529,26.1562378546444,82.5798776342624,16.5873555404487,2.41332426920462,52.7474789051245,57.9918032786885,100,53.1781101291638,48.9553028299392,28.0613594287226,3.8614123247818,1.08436921449352,24.3624525230602
"65",39049005100,9880,0,12,300,1204,9241,945,441,7,0,342,190,190,552,25,292,297,0,320,866,1038,1383,2083,105,837,612,10469,422,523,1960,12.1247113163972,40.1824291886702,57.8012481997119,9.12145943350936,50.4181600955794,78.4883720930232,100,66.3946231397024,53.1791907514451,32.9479768786127,0.674373795761079,0,26.6836734693878
"66",39049005200,62788,0,25,806,316,19167,221,328,949,449,261,31,31,122,38.2,922,1045,12,1064,1657,2217,431,2506,265,2094,1832,67917,210,781,2217,15.992757996379,83.5594573024741,12.609736632083,1.23703112529928,10.0286532951289,69.9367088607595,100,17.1987230646449,5.50293188994136,11.7726657645467,42.8055931438881,20.2525935949481,35.2277852954443
"67",39049005300,28211,0,0,334,2238,24063,1104,619,195,23,679,150,150,461,35.9,584,633,0,384,1647,1806,1234,2860,644,540,409,60833,59,714,2489,39.1013964784457,18.8811188811189,78.2517482517483,5.24475524475525,10.9259259259259,49.3297587131367,100,43.1468531468531,25.5260243632337,37.5968992248062,10.797342192691,1.27353266888151,28.6862193652069
"68",39049005410,12225,0,0,173,1096,12352,704,312,8,8,274,0,0,226,31.3,686,713,0,190,908,667,784,1212,406,100,70,20469,64,336,1212,44.7136563876652,8.25082508250825,90.4290429042904,0,64,64.2335766423358,NA,64.6864686468647,33.8830584707646,41.0794602698651,1.19940029985008,1.19940029985008,27.7227722772277
"69",39049005420,20977,0,0,239,1950,19640,821,553,107,64,449,0,0,248,32.3,652,747,0,276,1172,1279,850,2115,343,165,165,46944,29,431,2115,29.2662116040956,7.80141843971631,92.1985815602837,0,17.5757575757576,42.1025641025641,NA,40.1891252955083,19.3901485535575,35.1055512118843,8.36591086786552,5.00390930414386,20.3782505910165
"70",39049005500,26228,0,7,490,4118,25883,1412,1128,269,131,1181,177,177,560,34.6,643,762,0,614,2405,2787,1579,4547,663,280,241,28875,51,836,4547,27.5675675675676,6.15790631185397,90.565207829338,3.8926764899934,18.2142857142857,34.2884895580379,100,34.7261930943479,20.0932902762827,42.3753139576606,9.65195550771439,4.70039468963043,18.3857488453926
"71",39049005610,26667,0,0,167,1279,27321,437,452,114,55,329,0,0,386,31.5,760,775,27,270,1052,1177,617,1885,330,513,423,30000,151,449,1885,31.3688212927757,27.2148541114058,67.8514588859416,0,29.4346978557505,34.1673182173573,NA,32.7320954907162,32.7952421410365,27.9524214103653,9.6856414613424,4.67289719626168,23.8196286472149
"72",39049005620,32515,0,28,227,818,37716,121,614,78,9,643,0,0,504,33,684,714,23,305,1198,1693,835,2706,279,1769,1238,29329,618,452,2706,23.2888146911519,65.3732446415373,30.2291204730229,0,34.9349915206331,14.7921760391198,NA,30.8573540280857,29.7696396928529,37.9799173065564,4.60720614294152,0.531600708800945,16.7036215816704
"73",39049005700,63750,0,116,1088,48,62386,0,513,1105,862,409,33,33,92,32.5,895,1119,0,1583,2367,2808,233,3477,271,3249,2634,61522,210,1122,3477,11.4490916772286,93.4426229508197,1.38050043140638,0.94909404659189,6.46352723915051,0,100,6.70117917745183,3.27635327635328,14.5655270655271,39.3518518518519,30.6980056980057,32.2691975841242
"74",39049005810,50224,0,0,528,148,20429,0,507,611,344,486,102,102,177,37.1,836,1019,0,785,1479,2011,312,2449,187,2256,1863,51679,299,563,2449,12.6436781609195,92.1192323397305,6.04328297264189,4.1649652919559,13.2535460992908,0,100,12.739893834218,8.80159124813526,24.1670810542019,30.382894082546,17.105917454003,22.9889750918742
"75",39049005820,33182,0,22,331,90,4000,51,516,226,108,564,172,172,396,31.5,753,766,20,484,1219,1610,648,2366,219,2055,1500,34301,532,487,2366,17.9655455291222,86.8554522400676,3.80388841927303,7.26965342349958,25.8880778588808,56.6666666666667,100,27.3879966187658,24.5962732919255,35.0310559006211,14.0372670807453,6.70807453416149,20.5832628909552
"76",39049005900,34583,0,5,239,2154,32833,703,631,218,89,345,146,146,343,31.2,736,787,22,319,1226,1517,837,2712,276,414,361,56406,42,519,2712,22.5122349102773,15.2654867256637,79.4247787610619,5.3834808259587,10.1449275362319,32.6369545032498,100,30.8628318584071,22.6104152933421,22.7422544495715,14.3704680290046,5.86684245220831,19.1371681415929
"77",39049006000,20182,0,0,239,573,9826,480,568,100,0,566,11,11,324,30.1,620,592,0,300,1048,1205,1196,2160,180,1337,832,33606,475,501,2160,17.175572519084,61.8981481481481,26.5277777777778,0.509259259259259,35.5272999252057,83.7696335078534,100,55.3703703703704,26.8879668049793,46.9709543568465,8.29875518672199,0,23.1944444444444
"78",39049006100,25391,0,0,218,84,40625,19,439,29,27,417,100,100,571,28.6,731,732,0,384,1328,1476,1199,2674,505,2335,1304,24235,1152,536,2674,38.0271084337349,87.322363500374,3.1413612565445,3.7397157816006,49.3361884368308,22.6190476190476,100,44.8391922213912,38.6856368563686,28.2520325203252,1.96476964769648,1.82926829268293,20.0448765893792
"79",39049006220,74792,0,534,1274,247,53333,0,1496,1653,987,552,271,271,123,36,861,1172,39,1667,3252,4669,257,6752,89,5846,4042,72196,257,1329,6752,2.73677736777368,86.5817535545024,3.65817535545024,4.01362559241706,4.39616832021895,0,100,3.80627962085308,2.6343970871707,11.8226600985222,35.4037267080745,21.1394302848576,19.6830568720379
"80",39049006230,76058,0,2351,1604,596,66477,0,2896,3361,1755,949,218,218,149,32.4,1072,1281,55,2098,5603,8147,501,11588,609,8218,5964,76818,374,2260,11588,10.8691772264858,70.9181912323093,5.1432516396272,1.88125647221263,4.55098564127525,0,100,4.32343803935105,1.82889407143734,11.6484595556647,41.25444949061,21.5416717810237,19.5029340697273
"81",39049006236,162708,0,396,216,38,82167,0,1699,1660,1158,131,15,15,121,40.8,892,2548,17,225,1957,3651,175,5908,33,5447,3328,163438,175,33,5908,1.68625447112928,92.1970209884902,0.643195666892349,0.253893026404875,3.21277767578484,0,100,2.96208530805687,3.31416050397151,3.58805806628321,45.4669953437414,31.7173377156943,0.558564658090724
"82",39049006310,111825,0,225,433,43,NA,0,1212,1169,1026,242,111,111,41,47.4,1168,1745,15,468,1811,3039,200,4288,131,3998,2841,111528,177,71,4288,7.23357261181668,93.2369402985075,1.00279850746269,2.58861940298507,4.4272136068034,0,100,4.66417910447761,1.34912800263244,7.96314577163541,38.4666008555446,33.7611056268509,1.65578358208955
"83",39049006321,103636,0,132,355,10,NA,0,1151,1003,1034,267,177,177,51,46,960,1459,10,399,1706,2835,187,4149,156,3882,2700,105694,136,102,4004,9.14419695193435,93.5647143890094,0.241021932995903,4.26608821402748,3.50334878928387,0,100,4.50711014702338,1.7989417989418,9.41798941798942,35.379188712522,36.4726631393298,2.54745254745255
"84",39049006323,93594,0,235,436,29,118000,6,941,846,886,319,93,93,55,49.3,878,1320,0,472,1569,2488,151,3269,156,2933,2265,93938,134,254,3269,9.94263862332696,89.7216274089936,0.887121443866626,2.84490669929642,4.56870098874872,20.6896551724138,100,4.61914958702967,2.21061093247588,12.8215434083601,34.0032154340836,35.6109324758842,7.769960232487
"85",39049006330,64023,0,104,615,75,52833,60,1338,1033,651,593,115,115,113,34.5,1007,1296,0,656,2095,3171,252,4776,101,4307,3046,64219,93,354,4776,4.82100238663485,90.180067001675,1.57035175879397,2.40787269681742,2.15927559786394,80,100,5.27638190954774,3.56354462314727,18.7007253232419,32.5764742983286,20.5298013245033,7.41206030150754
"86",39049006340,94444,0,273,333,0,NA,0,820,817,627,202,65,65,83,47.1,989,1318,0,370,1299,2147,89,2994,109,2721,1981,86898,51,336,2994,8.39107005388761,90.8817635270541,0,2.17100868403474,1.87431091510474,NA,100,2.97261189044756,3.86585933861202,9.40847694457382,38.0530973451327,29.2035398230088,11.2224448897796
"87",39049006351,52575,0,283,704,120,37835,9,885,983,582,341,46,46,105,41.6,870,898,0,967,1975,2863,475,3734,123,3232,2520,53275,328,756,3734,6.22784810126582,86.5559721478307,3.21371183717193,1.23192287091591,10.1485148514851,7.5,100,12.7209426888056,3.66748166259169,11.9105833042263,34.3346140412155,20.3283269297939,20.2463845741832
"88",39049006352,30275,0,396,743,188,32708,60,326,639,284,293,264,264,89,27,759,773,0,1161,1833,1632,903,2658,346,1965,1227,30727,661,1350,2658,18.8761593016912,73.9277652370203,7.07298720842739,9.93227990970655,33.6386768447837,31.9148936170213,100,33.9729119638826,5.45343137254902,17.953431372549,39.1544117647059,17.4019607843137,50.7900677200903
"89",39049006353,40260,0,417,1092,129,34051,0,761,1094,424,448,331,331,206,30.5,694,737,0,1386,2593,2961,677,4088,446,3389,2450,39821,665,1275,4088,17.2001542614732,82.9011741682975,3.15557729941292,8.09686888454012,19.622307465329,0,100,16.5606653620352,6.95710908476866,15.1300236406619,36.9469773725093,14.3194866599122,31.1888454011742
"90",39049006371,65741,0,759,1188,156,46365,9,1413,1726,660,644,112,112,156,34.2,867,975,0,1395,3017,4324,216,6260,209,5272,3641,64590,196,1580,6243,6.927411335764,84.2172523961661,2.49201277955272,1.78913738019169,3.71775417298938,5.76923076923077,100,3.45047923322684,3.60777058279371,14.8936170212766,39.9167437557817,15.263644773358,25.3083453467884
"91",39049006372,46899,0,777,807,586,30517,180,1232,1102,515,581,525,525,268,30.3,825,871,0,1223,2734,3658,1126,5539,279,3986,2775,45986,831,1618,5539,10.2048280907096,71.9624480953241,10.5795269904315,9.47824517060841,20.8479678876066,30.7167235494881,100,20.3285791659144,7.32640787315473,15.882996172772,30.1257517769273,14.0787315472936,29.2110489257989
"92",39049006383,58076,0,582,905,406,33795,51,2075,1684,972,1188,601,601,292,32.4,876,972,18,1228,3854,5436,1013,8269,551,6792,4523,59902,736,1677,8269,14.2968344577063,82.1381061797073,4.90990446245011,7.26810980771556,10.8362779740872,12.5615763546798,100,12.2505744346354,5.37159676232524,21.8543046357616,30.9786607799853,17.8807947019868,20.2805659692829
"93",39049006384,66884,0,707,757,281,70116,0,1711,1407,676,985,524,524,125,30.8,873,993,0,941,2782,4420,226,6832,130,5551,3626,62320,204,1444,6832,4.67289719626168,81.25,4.11299765807962,7.66978922716628,3.67501351107909,0,100,3.307962529274,2.82805429864253,22.2850678733032,31.8325791855204,15.2941176470588,21.135831381733
"94",39049006386,52889,0,398,518,159,48750,0,824,750,328,356,145,145,214,31.5,966,1114,35,665,1662,2356,312,3529,173,2849,1956,54076,191,850,3529,10.4091456077016,80.7310852932842,4.50552564465854,4.10881269481439,6.7041067041067,0,100,8.84103145366959,9.08319185059423,15.1103565365025,31.8336162988115,13.9219015280136,24.0861433833947
"95",39049006387,53261,0,434,815,116,36650,0,1554,1312,724,960,312,312,155,34.1,894,978,0,933,2771,4084,659,5607,284,4810,3588,53592,552,1217,5607,10.2490075784915,85.7856251114678,2.06884251828072,5.56447298020332,11.4760914760915,0,100,11.75316568575,3.79529872673849,23.5063663075416,32.1253672869736,17.7277179236043,21.705011592652
"96",39049006391,130089,0,150,189,208,44476,0,1268,1124,941,266,49,49,16,43.4,1637,2040,0,225,1501,2941,0,4275,8,3899,2732,133571,0,115,4275,0.532978014656895,91.2046783625731,4.86549707602339,1.14619883040936,0,0,100,0,0.544032641958518,9.04454267256035,38.2182930975859,31.9959197551853,2.69005847953216
"97",39049006392,129545,42,339,249,81,49722,0,1255,1060,893,268,21,21,73,45.8,549,1596,11,249,1641,2828,89,4106,137,3584,2538,130682,47,76,4106,8.34856794637416,87.2868972235753,1.97272284461763,0.511446663419386,1.31138392857143,0,100,2.1675596687774,2.58132956152758,9.47666195190948,37.4823196605375,31.5770862800566,1.85094982951778
"98",39049006393,79271,0,419,472,167,100294,0,1422,1046,675,553,101,101,77,37,821,1576,0,515,2056,3335,121,5053,119,4326,2893,79340,26,362,5053,5.78793774319066,85.6125074213339,3.30496734613101,1.99881258658223,0.601017105871475,0,100,2.39461705917277,2.30884557721139,16.5817091454273,31.3643178410795,20.23988005997,7.16406095388878
"99",39049006394,74554,0,186,226,151,73452,11,715,718,251,331,0,0,37,31.9,1151,1282,0,303,1058,1761,45,2772,40,2385,1538,75556,34,77,2772,3.78071833648393,86.038961038961,5.44733044733045,0,1.42557651991614,7.28476821192053,NA,1.62337662337662,2.10107893242476,18.7961385576377,40.7722884724588,14.2532651902328,2.77777777777778
"100",39049006395,50011,0,506,808,156,51631,0,623,924,502,408,102,102,76,30.7,909,1098,0,1214,2254,2491,459,3638,417,2815,1930,54107,203,690,3638,18.5004436557232,77.3776800439802,4.28807036833425,2.80373831775701,7.2113676731794,0,100,12.6168224299065,3.05098354074669,16.378964271377,37.093536732236,20.1525491770373,18.9664650907092
"101",39049006396,52714,0,620,832,231,65625,68,1150,1065,622,540,324,324,234,37.9,749,911,0,960,2221,3463,700,4698,111,3569,2715,54679,310,937,4551,4.997748761819,75.968497232865,4.91698595146871,6.89655172413793,8.68590641636313,29.4372294372294,100,14.8999574286931,6.75714698238521,15.5934161131967,30.7536817788045,17.9613052266821,20.5888815644913
"102",39049006410,71190,0,106,404,37,12375,10,720,850,543,179,140,140,49,44.5,994,1518,42,476,1285,1931,309,2741,89,2479,1744,70238,257,270,2741,6.92607003891051,90.4414447282014,1.34987230937614,5.10762495439621,10.3670835014119,27.027027027027,100,11.2732579350602,2.53754531330917,9.26980838943552,44.018643190057,28.1201450025893,9.85041955490697
"103",39049006430,82464,0,281,388,108,NA,100,1247,1371,814,209,70,70,30,37.4,1063,1376,0,494,1926,3002,351,4664,185,4158,2772,85882,251,530,4664,9.60539979231568,89.1509433962264,2.3156089193825,1.5008576329331,6.03655603655604,92.5925925925926,100,7.52572898799314,0.999333777481679,6.9620253164557,45.6695536309127,27.1152564956696,11.3636363636364
"104",39049006500,127826,0,62,295,12,NA,0,963,945,932,119,0,0,20,38.6,613,2163,0,295,1415,2219,75,3539,157,3386,2115,133056,75,186,3539,11.095406360424,95.676744843176,0.33907883582933,0,2.21500295333727,0,NA,2.11924272393331,0.901306894997747,5.36277602523659,42.5867507886435,42.000901306895,5.25572195535462
"105",39049006600,90931,0,43,591,80,NA,0,946,1083,1085,239,8,8,30,40.2,872,1756,0,663,1920,2777,173,3865,311,3691,2642,83750,173,487,3709,16.1979166666667,95.4980595084088,2.06985769728331,0.206985769728331,4.68707667298835,0,100,4.47606727037516,1.08030248469571,8.60640979474253,38.9989196975153,39.0709398631617,13.1302237799946
"106",39049006710,75517,0,77,343,20,NA,7,819,759,568,140,44,44,19,35.7,771,1264,0,397,1245,2037,128,2986,29,2835,1937,76293,121,355,2986,2.32931726907631,94.9430676490288,0.669792364367046,1.4735432016075,4.26807760141094,35,100,4.2866711319491,0.932744231713304,6.87285223367698,37.260677466863,27.8841433480609,11.8888144675151
"107",39049006721,107014,0,105,185,0,NA,0,1039,790,859,196,15,15,39,45.5,NA,1561,0,193,1260,2262,0,3260,28,3086,2172,105972,0,36,3260,2.22222222222222,94.6625766871166,0,0.460122699386503,0,NA,100,0,1.72413793103448,8.66489832007073,34.9248452696729,37.9752431476569,1.10429447852761
"108",39049006722,63438,0,51,338,237,29535,0,783,616,300,347,61,61,129,45.5,738,989,0,394,1209,1954,172,2661,32,2352,1727,62188,172,418,2585,2.64681555004136,88.3878241262683,8.90642615558061,2.2923712889891,7.31292517006803,0,100,6.46373543780534,6.60184237461617,17.7584442169908,31.525076765609,15.353121801433,16.1702127659574
"109",39049006810,72216,0,0,231,0,NA,0,583,606,416,107,86,86,24,36.1,1125,1352,0,312,951,1537,48,2188,56,2082,1500,72273,48,131,2188,5.88853838065195,95.1553930530165,0,3.93053016453382,2.30547550432277,NA,100,2.19378427787934,1.56148340923878,6.96161353285621,39.4274560832791,27.0657124268055,5.9872029250457
"110",39049006821,32329,24,155,846,327,30685,50,494,586,261,463,30,30,226,45.3,617,711,0,959,1976,2043,439,2461,523,1897,1661,36866,345,928,2461,26.4676113360324,77.0824867939862,13.2872815928484,1.21901665989435,18.1866104375329,15.2905198776758,100,17.8382771231207,11.062163485071,22.6627508565835,28.6833088595203,12.7753303964758,37.7082486793986
"111",39049006822,64009,0,27,431,61,NA,13,465,536,245,210,28,28,108,45.5,724,989,10,505,992,1516,55,1808,22,1710,1443,63514,42,143,1808,2.21774193548387,94.5796460176991,3.37389380530973,1.54867256637168,2.45614035087719,21.3114754098361,100,3.04203539823009,7.12401055408971,13.8522427440633,35.3562005277045,16.1609498680739,7.90929203539823
"112",39049006910,89722,0,71,112,0,NA,0,462,414,381,118,2,2,9,46.1,735,1530,0,144,639,1123,35,1512,33,1436,1093,89167,35,36,1512,5.16431924882629,94.973544973545,0,0.132275132275132,2.43732590529248,NA,100,2.31481481481481,0.801424755120214,10.5075690115761,36.8655387355298,33.926981300089,2.38095238095238
"113",39049006921,41429,0,42,350,822,26250,308,869,539,186,677,607,607,363,31.4,699,820,11,593,1852,2460,888,3806,390,2826,1996,48980,580,650,3729,21.0583153347732,74.2511823436679,21.5974776668418,15.9485023646873,20.5237084217976,37.4695863746959,100,23.3315817130846,14.7560975609756,27.520325203252,21.9105691056911,7.5609756097561,17.4309466344865
"114",39049006923,45615,0,10,353,984,52011,244,937,330,135,939,222,222,227,40.5,700,777,0,382,1492,2372,558,3410,173,2239,1726,42778,298,349,3410,11.5951742627346,65.6598240469208,28.8563049853372,6.51026392961877,13.3095131755248,24.7967479674797,100,16.3636363636364,9.56998313659359,39.5868465430017,13.9123102866779,5.69139966273187,10.2346041055718
"115",39049006924,35469,0,0,719,1263,36125,105,811,356,112,965,205,205,179,37.5,574,585,46,759,1897,2372,634,3499,327,2142,1580,35446,439,802,3499,17.2377438060095,61.2174907116319,36.0960274364104,5.85881680480137,20.4948646125117,8.31353919239905,100,18.1194627036296,7.54637436762226,40.6829679595278,15.008431703204,4.72175379426644,22.9208345241498
"116",39049006931,33355,0,134,623,3417,31297,1631,1523,588,252,1467,425,425,532,34.8,702,777,44,763,2705,4373,2203,6961,419,2968,2161,37292,456,1253,6399,15.4898336414048,42.6375520758512,49.0877747450079,6.10544462002586,15.3638814016173,47.7319285923325,100,31.6477517598046,12.1655613994969,33.5467642350789,13.4461468099703,5.76263434713012,19.5811845600875
"117",39049006932,49738,0,349,444,1904,51450,266,1555,901,281,941,334,334,230,37.5,722,1073,0,533,2409,3658,751,5391,321,2909,2079,55141,384,458,5391,13.3250311332503,53.9603042107216,35.3181227972547,6.19551103691337,13.200412512891,13.9705882352941,100,13.930625115934,6.28758884636413,25.7244395844724,24.6309458720612,7.68179332968835,8.49564088295307
"118",39049006933,26003,0,0,596,2588,30344,793,1020,469,123,847,381,381,261,29.8,687,731,0,731,2663,2507,1534,4231,912,1447,971,16685,672,1357,4231,34.2470897484041,34.1999527298511,61.1675726778539,9.0049633656346,46.4409122322046,30.6414219474498,100,36.2562042070433,10.410849621061,33.7854008775429,18.7076186677304,4.90626246509773,32.0727960293075
"119",39049006942,33413,0,0,269,311,16563,174,233,165,74,194,14,14,55,34.2,693,709,0,290,565,618,268,986,42,650,527,35000,69,451,986,7.43362831858407,65.9229208924949,31.5415821501014,1.41987829614604,10.6153846153846,55.9485530546624,100,27.1805273833671,8.89967637540453,31.3915857605178,26.6990291262136,11.9741100323625,45.7403651115619
"120",39049006943,42185,0,44,458,1000,37472,69,1129,452,159,1151,53,53,348,35.5,717,785,0,530,1870,2974,566,4434,211,3282,2228,42500,497,530,4434,11.283422459893,74.0189445196211,22.55299954894,1.19530897609382,15.1432053625838,6.9,100,12.7649977447,11.7014122394082,38.7020847343645,15.1983860121049,5.34633490248823,11.9530897609382
"121",39049006944,66488,0,53,436,553,92885,8,1041,653,275,899,238,229,200,47,916,1104,21,562,1867,2913,93,3702,264,2802,2323,65690,85,293,3702,14.1403320835565,75.6888168557536,14.9378714208536,6.42895732036737,3.03354746609565,1.44665461121157,96.218487394958,2.51215559157212,6.86577411603158,30.861654651562,22.4167524888431,9.44043940954343,7.91464073473798
"122",39049006945,35458,0,0,896,2286,33894,702,1033,478,274,1021,783,783,736,31.8,714,726,71,1428,2759,3624,1301,5167,298,2360,1703,38139,457,1931,5167,10.8010148604567,45.67447261467,44.2423069479388,15.1538610412231,19.364406779661,30.7086614173228,100,25.1790207083414,20.3090507726269,28.173289183223,13.1898454746137,7.560706401766,37.3717824656474
"123",39049006950,99531,0,92,260,48,59773,0,944,860,693,374,43,43,32,56.8,1525,1513,0,275,1272,2291,89,2708,53,2516,2133,99063,89,28,2708,4.16666666666667,92.9098966026588,1.7725258493353,1.58788774002954,3.53736089030207,0,100,3.28655834564254,1.39676996944566,16.3247490178961,37.538192928852,30.2487996508075,1.03397341211226
"124",39049006990,55000,0,68,790,1027,32371,52,1601,1174,659,725,417,417,218,32.5,716,893,80,953,2960,3934,680,6369,406,4921,3269,69826,519,1108,6369,13.7162162162162,77.264876746742,16.124980373685,6.547338671691,10.5466368624263,5.06329113924051,100,10.6767153399278,5.54143365531266,18.4290798169802,29.8423995932893,16.751398068124,17.3967655832941
"125",39049007010,33523,0,0,343,686,22195,393,599,410,235,390,43,43,78,22.1,659,786,0,399,1033,1481,527,3344,35,2566,1182,55063,114,474,2279,3.38818973862536,76.7344497607656,20.5143540669856,1.28588516746411,4.44271239282931,57.2886297376093,100,15.7595693779904,5.26671168129642,26.3335584064821,27.6839972991222,15.8676569885213,20.7985958753839
"126",39049007020,65909,0,79,643,262,103250,0,1823,1163,819,1259,108,108,242,42.3,748,1161,0,727,2638,4509,640,6512,88,5995,4123,64430,611,499,6439,3.33586050037908,92.0608108108108,4.02334152334152,1.65847665847666,10.1918265221018,0,100,9.82800982800983,5.36704369039698,27.9219339099579,25.7928587269905,18.1636726546906,7.74965056685821
"127",39049007041,75125,0,79,394,113,184412,0,495,779,472,226,0,0,0,39,913,1452,0,394,992,1701,94,2249,103,1959,1501,80156,94,423,1945,10.383064516129,87.105380168964,5.02445531347265,0,4.79836651352731,0,NA,4.17963539350823,0,13.2863021751911,45.7965902410347,27.7483833039389,21.7480719794344
"128",39049007043,48418,0,126,773,435,45375,22,663,701,369,634,527,527,214,29.4,916,979,0,1019,1903,2411,216,3752,221,2551,1833,49968,140,811,3752,11.6132422490804,67.9904051172708,11.5938166311301,14.045842217484,5.48804390435124,5.05747126436782,100,5.75692963752665,8.87598506843633,26.2961426793861,29.07507258399,15.3048527581916,21.6151385927505
"129",39049007044,69474,0,903,649,610,69074,0,1392,1458,561,619,0,0,209,32.5,895,984,0,874,2521,3848,192,5734,255,3987,2797,69171,106,1323,5582,10.1150337167791,69.5326124869201,10.6382978723404,0,2.65864058189115,0,NA,3.34844785490059,5.43139293139293,16.0862785862786,37.8898128898129,14.5790020790021,23.7011823719097
"130",39049007047,48278,0,284,580,343,41514,80,740,542,341,425,188,188,222,29.2,842,1025,0,770,1699,2228,355,3446,189,2605,1743,49208,144,827,3446,11.124190700412,75.5948926291352,9.95356935577481,5.45560069645966,5.5278310940499,23.3236151603499,100,10.3017991874637,9.96409335727109,19.0754039497307,24.326750448833,15.3052064631957,23.9988392338944
"131",39049007048,65568,0,459,622,1077,40063,356,1553,1185,496,851,218,218,0,32,965,1150,87,712,2438,3644,448,5713,173,3928,2654,72135,33,535,5713,7.09598031173093,68.7554699807457,18.8517416418694,3.81585856817784,0.840122199592668,33.0547818012999,100,7.84176439698932,0,23.3534577387486,32.5192096597146,13.6114160263447,9.36460703658323
"132",39049007112,52143,0,312,608,1454,44375,143,1337,788,267,1105,244,244,304,35.4,878,1260,2,675,2174,3544,473,5465,162,3308,2353,52944,283,577,5322,7.45170193192272,60.5306495882891,26.6056724611162,4.4647758462946,8.55501813784764,9.83493810178817,100,8.65507776761208,8.57787810383747,31.1794582392777,22.234762979684,7.53386004514673,10.8417888012026
"133",39049007113,48220,0,148,425,1402,32991,344,1205,694,224,865,284,284,316,30.6,692,983,0,534,1898,2932,604,4610,159,2702,1936,57717,229,695,4610,8.37723919915701,58.6117136659436,30.412147505423,6.16052060737527,8.47520355292376,24.5363766048502,100,13.1019522776573,10.7776261937244,29.5020463847203,23.6698499317872,7.63983628922237,15.0759219088937
"134",39049007114,44263,0,167,889,1276,43250,334,1120,787,384,744,111,111,138,34.7,819,885,19,1035,2384,3136,621,4483,229,2813,2169,45572,279,1201,4483,9.60570469798658,62.7481597144769,28.4630827570823,2.47602052197189,9.91823675790971,26.1755485893417,100,13.8523310283292,4.40051020408163,23.7244897959184,25.0956632653061,12.2448979591837,26.7900959179121
"135",39049007115,32513,0,0,757,2632,24524,1198,1228,353,158,1101,112,112,478,29.3,876,905,28,983,2728,3368,1644,5391,517,2443,1833,35181,418,1533,5333,18.9516129032258,45.3162678538305,48.8221109256168,2.07753663513263,17.1101105198526,45.516717325228,100,30.4952698942682,14.1923990498812,32.6900237529691,10.4809976247031,4.69121140142518,28.7455465966623
"136",39049007120,69359,0,342,415,636,93438,0,1329,585,176,985,58,58,159,31.2,1144,1276,0,520,1946,3147,192,5231,97,3978,2575,66743,192,494,5231,4.98458376156218,76.0466450009558,12.1582871343911,1.10877461288473,4.82654600301659,0,100,3.67042630472185,5.05243088655863,31.2996504607563,18.5891325071497,5.59262789958691,9.44370101319059
"137",39049007132,61605,0,193,1651,851,53438,66,1701,2009,668,1071,223,223,227,34.6,962,1131,0,1992,4088,5489,313,7412,395,6144,4665,61402,145,1226,7289,9.66242661448141,82.892606583918,11.4813815434431,3.00863464651916,2.36002604166667,7.75558166862515,100,4.22288181327577,4.13554381490253,19.5117507742758,36.600473674622,12.169794133722,16.81986555083
"138",39049007193,94571,0,59,461,313,165000,0,1802,1560,766,691,33,33,65,41.8,814,1432,0,554,2491,4166,68,6324,135,5789,3940,93643,68,302,6324,5.41951023685267,91.5401644528779,4.9493991144845,0.521821631878558,1.17464156158231,0,100,1.0752688172043,1.56024963994239,16.5866538646183,37.4459913586174,18.3869419107057,4.77545857052498
"139",39049007194,66923,0,28,747,132,36408,14,1655,1260,614,934,36,36,290,41,923,1236,0,847,2596,4640,397,6618,94,6052,4437,67051,383,816,6535,3.62095531587057,91.4475672408583,1.99456029011786,0.543970988213962,6.32848645076008,10.6060606060606,100,5.99879117558175,6.25,20.1293103448276,27.1551724137931,13.2327586206897,12.486610558531
"140",39049007198,67076,0,22,297,72,17212,0,675,639,244,273,52,52,46,30.2,944,1265,0,373,1100,1733,100,2853,52,2658,1614,66864,92,279,2853,4.72727272727273,93.1650893796004,2.52365930599369,1.82264283210655,3.46124905944319,0,100,3.50508236943568,2.65435660703982,15.7530294287363,36.8724754760531,14.0796306982112,9.77917981072555
"141",39049007199,55035,0,264,973,1284,54097,165,1190,1065,229,790,85,85,212,30,693,995,20,1028,2418,3361,401,5285,200,3627,2422,59792,151,990,5285,8.27129859387924,68.6281929990539,24.2951750236518,1.60832544938505,4.16322029225255,12.8504672897196,100,7.58751182592242,6.30764653376971,23.5049092531985,31.6869979172865,6.81344837845879,18.7322611163671
"142",39049007201,77396,0,44,52,55,NA,0,159,100,26,87,0,0,51,40,698,1370,0,64,262,397,0,568,39,469,355,106042,0,25,568,14.8854961832061,82.5704225352113,9.6830985915493,0,0,0,NA,0,12.8463476070529,21.9143576826196,25.1889168765743,6.54911838790932,4.40140845070423
"143",39049007202,41017,0,21,550,1180,34963,78,694,451,92,636,126,126,206,33.5,693,983,0,689,1552,2076,232,2966,169,1732,1280,41657,137,788,2966,10.889175257732,58.3951449763992,39.7842211732974,4.24814565070802,7.90993071593533,6.61016949152542,100,7.82198246797033,9.92292870905588,30.635838150289,21.7244701348748,4.43159922928709,26.5677680377613
"144",39049007203,101806,0,103,147,0,NA,0,815,657,470,222,69,69,64,37,1750,2289,0,176,1023,1890,96,2941,32,2838,1813,100972,81,70,2941,3.12805474095797,96.497789867392,0,2.34614076844611,2.85412262156448,NA,100,3.26419585175111,3.38624338624339,11.7460317460317,34.7619047619048,24.8677248677249,2.38014280856851
"145",39049007205,63364,0,254,708,176,49405,0,842,1247,495,212,81,81,66,30.1,972,1136,0,1025,2122,2517,134,3482,255,2910,2147,62721,115,982,3482,12.0169651272385,83.5726593911545,5.05456634118323,2.32624928202183,3.95189003436426,0,100,3.8483630097645,2.62216924910608,8.42272546682559,49.5431068732618,19.6662693682956,28.2021826536473
"146",39049007207,75577,0,135,419,183,78667,19,986,913,392,593,56,56,54,42.6,1084,1439,0,596,1711,2679,73,3270,129,2894,2371,73656,54,215,3270,7.53945061367621,88.5015290519878,5.59633027522936,1.71253822629969,1.86592950932965,10.3825136612022,100,2.23241590214067,2.01567749160134,22.1351250466592,34.0798805524449,14.6323254945875,6.57492354740061
"147",39049007209,85054,0,536,530,374,85795,0,1334,1337,727,453,43,43,67,32.7,1052,1699,0,712,2325,3519,277,5000,279,4090,2915,82656,277,468,5000,12,81.8,7.48,0.86,6.77261613691932,0,100,5.54,1.90394998579142,12.8729752770674,37.9937482239273,20.6592782040352,9.36
"148",39049007210,125705,0,312,527,252,108047,0,2028,1804,1421,610,193,193,97,37.4,940,2394,16,599,2771,4837,161,7761,144,6880,4180,127191,161,644,7652,5.19667989895345,88.6483700554052,3.24700425202938,2.48679293905425,2.34011627906977,0,100,2.07447493879655,2.00537523258218,12.6111225966508,37.2958445317345,29.3777134587554,8.41610036591741
"149",39049007393,93854,0,364,901,593,93889,0,2235,2028,1503,843,20,20,42,43.3,898,1675,0,1048,3463,5659,145,7975,180,7018,5035,94369,135,362,7975,5.19780537106555,88,7.43573667711599,0.250783699059561,1.92362496437732,0,100,1.81818181818182,0.742180597278671,14.896624845379,35.8367202685987,26.5594628026153,4.53918495297806
"150",39049007394,138365,0,207,76,263,69194,0,724,549,367,239,43,43,163,43.7,NA,1857,0,101,894,1667,36,2421,69,1951,1426,140357,36,12,2421,7.71812080536913,80.5865344898802,10.8632796365138,1.77612556794713,1.84520758585341,0,100,1.48698884758364,9.77804439112178,14.3371325734853,32.9334133173365,22.0155968806239,0.495662949194548
"151",39049007395,60045,0,273,1543,3935,53517,332,2838,2241,502,1935,183,183,386,31.4,869,1132,43,1969,5138,7984,475,12009,331,7223,5282,65081,111,1523,12009,6.44219540677306,60.1465567491048,32.7670913481556,1.52385710716962,1.53675757995293,8.43710292249047,100,3.95536680822716,4.83466933867735,24.2359719438878,28.0686372745491,6.2875751503006,12.6821550503789
"152",39049007396,69955,0,224,538,2014,57637,750,2225,1329,669,899,321,321,309,30.8,778,1596,0,618,3209,4930,896,7906,366,5425,3598,77479,146,578,7906,11.4054222499221,68.6187705540096,25.4743232987604,4.06020743738932,2.69124423963134,37.2393247269116,100,11.3331646850493,6.26774847870183,18.2352941176471,26.9574036511156,13.5699797160243,7.31090311156084
"153",39049007424,45843,0,24,614,771,72738,118,1293,421,41,1496,81,81,319,37.2,827,1031,0,672,2137,3245,399,5011,172,4084,2775,44337,281,583,4848,8.04866635470285,81.5006984633806,15.3861504689683,1.61644382358811,6.88050930460333,15.3047989623865,100,7.96248253841549,9.83050847457627,46.1016949152542,12.9738058551618,1.26348228043143,12.0255775577558
"154",39049007425,51131,0,21,291,164,21250,85,780,263,193,784,22,22,168,39.5,814,982,0,341,1176,1923,263,2961,55,2694,1754,54000,154,412,2883,4.67687074829932,90.9827760891591,5.5386693684566,0.742992232353935,5.71640682999258,51.8292682926829,100,8.88213441404931,8.73634945397816,40.7696307852314,13.6765470618825,10.0364014560582,14.2906694415539
"155",39049007426,51875,0,61,422,187,56458,32,665,331,218,518,0,0,181,46.9,688,1015,0,467,1273,1806,197,2332,141,2084,1616,50170,165,374,2332,11.0761979575805,89.3653516295026,8.0188679245283,0,7.91746641074856,17.1122994652406,NA,8.44768439108062,10.0221483942414,28.6821705426357,18.327796234773,12.0708748615725,16.0377358490566
"156",39049007427,82468,0,132,438,623,73068,173,1551,1144,744,493,45,45,161,36.5,860,1246,30,636,2295,3744,426,6014,108,5124,3288,83313,240,507,6014,4.70588235294118,85.2011972065181,10.3591619554373,0.748254073827735,4.68384074941452,27.76886035313,100,7.08347189890256,4.30021367521368,13.167735042735,30.5555555555556,19.8717948717949,8.43032923179248
"157",39049007492,85423,0,177,492,654,89813,0,1749,1559,932,517,155,155,167,37.8,957,1271,0,689,2485,4215,119,6270,47,5219,3603,79425,119,794,6270,1.89134808853119,83.237639553429,10.4306220095694,2.47208931419458,2.28013029315961,0,100,1.89792663476874,3.96204033214709,12.2657176749703,36.9869513641756,22.1115065243179,12.6634768740032
"158",39049007494,78323,0,150,234,790,55956,6,1223,681,300,658,71,71,120,34.1,833,1367,0,259,1584,2647,75,4249,102,3196,2153,79696,69,233,4249,6.43939393939394,75.2176982819487,18.5926100258884,1.67098140738997,2.15894868585732,0.759493670886076,100,1.76512120498941,4.53343407631281,24.8583301851152,25.7272383830752,11.333585190782,5.4836432101671
"159",39049007511,24623,0,0,320,1440,27059,326,334,19,19,570,0,0,177,36.1,684,702,0,325,828,951,387,1599,169,123,112,23723,25,298,1599,20.4106280193237,7.69230769230769,90.0562851782364,0,20.3252032520325,22.6388888888889,NA,24.202626641651,18.6119873817035,59.9369085173502,1.99789695057834,1.99789695057834,18.6366479049406
"160",39049007512,36330,0,45,475,3668,37370,752,1047,111,66,1043,11,11,528,33.4,851,921,0,475,1762,2446,752,4096,240,308,213,35574,0,421,4096,13.6208853575482,7.51953125,89.55078125,0.2685546875,0,20.5016357688113,100,18.359375,21.5862632869992,42.6410466067048,4.53802125919869,2.6982829108749,10.2783203125
"161",39049007520,31578,0,0,262,2012,32482,525,730,117,37,547,38,38,554,35.3,773,776,0,381,1283,2018,910,3262,172,782,644,22813,324,471,3262,13.4060795011691,23.973022685469,61.6799509503372,1.16492949110975,41.4322250639386,26.0934393638171,100,27.8969957081545,27.4529236868186,27.1060455896928,5.7978196233895,1.83349851337958,14.4389944819129
"162",39049007531,31014,0,20,232,1141,31486,489,391,183,47,471,187,187,223,28.7,615,662,0,309,1239,1146,706,1990,539,624,475,24300,200,432,1990,43.5028248587571,31.356783919598,57.3366834170854,9.39698492462312,32.0512820512821,42.8571428571429,100,35.4773869346734,19.4589877835951,41.0994764397906,15.9685863874346,4.10122164048866,21.7085427135678
"163",39049007532,26531,0,0,110,1706,28219,620,585,73,0,610,282,282,134,26,704,709,0,224,979,1199,811,2276,170,269,223,15667,171,746,2276,17.364657814096,11.8189806678383,74.9560632688928,12.390158172232,63.5687732342007,36.3423212192263,100,35.6326889279438,11.1759799833194,50.8757297748123,6.0884070058382,0,32.7768014059754
"164",39049007533,40378,0,0,177,1202,41055,293,374,143,65,265,81,81,177,40.8,769,1009,0,189,758,900,364,1416,195,137,114,37262,24,197,1416,25.7255936675462,9.67514124293785,84.8870056497175,5.72033898305085,17.5182481751825,24.3760399334443,100,25.7062146892655,19.6666666666667,29.4444444444444,15.8888888888889,7.22222222222222,13.9124293785311
"165",39049007534,22627,0,81,307,2637,21671,975,779,203,85,768,143,143,398,31.2,480,715,0,379,1400,1928,1220,3355,242,428,339,34508,85,646,3355,17.2857142857143,12.7570789865872,78.5991058122206,4.26229508196721,19.8598130841121,36.9738339021615,100,36.3636363636364,20.643153526971,39.8340248962656,10.5290456431535,4.40871369294606,19.2548435171386
"166",39049007550,37396,0,38,280,1695,37313,298,638,171,137,475,116,116,66,31.4,755,838,0,311,1069,1604,387,2627,120,532,270,43448,89,502,2252,11.2254443405051,20.2512371526456,64.5222687476209,4.41568328892273,16.7293233082707,17.5811209439528,100,14.7316330414922,4.11471321695761,29.6134663341646,10.6608478802993,8.54114713216958,22.291296625222
"167",39049007551,36722,0,499,1035,6679,31856,2338,1992,880,396,1309,253,253,812,27.8,696,771,0,1233,3665,4992,2490,8634,440,1263,791,39898,127,2130,8634,12.0054570259209,14.6282140375261,77.3569608524438,2.93027565438962,10.055423594616,35.0052403054349,100,28.8394718554552,16.2660256410256,26.2219551282051,17.6282051282051,7.93269230769231,24.6699096594858
"168",39049007710,29730,0,36,541,1042,16444,611,939,249,93,1274,363,363,452,35.7,752,809,0,611,1930,2581,877,3824,380,2467,1748,36842,203,618,3824,19.6891191709845,64.5135983263598,27.2489539748954,9.49267782426778,8.22861775435752,58.637236084453,100,22.93410041841,17.5125920185974,49.360712901976,9.6474234792716,3.60325455249903,16.1610878661088
"169",39049007721,24792,0,198,623,1996,20167,907,902,224,38,1094,454,454,509,30,591,672,98,823,2714,2427,1553,4253,989,1636,1155,25914,350,1083,4197,36.4406779661017,38.4669644956501,46.9315777098519,10.6748177756877,21.3936430317848,45.4408817635271,100,36.5154008934869,20.9723939019365,45.0762257931603,9.2295014421096,1.56571899464359,25.8041458184417
"170",39049007722,36615,0,63,451,652,27339,130,674,148,26,740,68,68,483,42.8,545,629,0,536,1578,1964,607,2799,368,2037,1443,40563,464,528,2799,23.3206590621039,72.7759914255091,23.2940335834227,2.42943908538764,22.7785959744723,19.9386503067485,100,21.686316541622,24.5926680244399,37.6782077393075,7.53564154786151,1.32382892057026,18.8638799571275
"171",39049007730,42241,0,0,391,1054,35278,385,769,320,198,780,50,50,271,36.7,733,802,0,423,1348,1951,599,3077,156,1983,1374,46566,214,372,3077,11.5727002967359,64.4458888527787,34.2541436464088,1.6249593760156,10.791729702471,36.5275142314991,100,19.4670133246669,13.8903126601743,39.9794976934905,16.4018452075859,10.1486417221937,12.0896977575561
"172",39049007740,34867,0,0,380,317,39330,49,448,205,122,516,8,8,415,54.8,642,619,8,403,940,1687,391,1953,89,1613,1371,33777,342,111,1644,9.46808510638298,82.5908858166923,16.231438812084,0.409626216077829,21.2027278363298,15.4574132492114,100,20.0204813108039,24.5998814463545,30.5868405453468,12.1517486662715,7.23177237700059,6.75182481751825
"173",39049007811,58060,0,195,603,170,58807,61,948,948,628,308,57,57,29,41.3,840,925,0,775,1867,2778,644,3749,144,3292,2525,56923,515,421,3749,7.71290840921264,87.810082688717,4.53454254467858,1.52040544145105,15.6439854191981,35.8823529411765,100,17.1779141104294,1.04391648668107,11.0871130309575,34.1252699784017,22.6061915046796,11.2296612429981
"174",39049007812,31573,0,172,871,116,NA,50,537,741,529,565,61,48,140,32.6,936,934,17,1376,2051,2601,1143,3994,138,3584,2369,31854,1025,1191,3651,6.72842515845929,89.7346019028543,2.9043565348022,1.52729093640461,28.5993303571429,43.1034482758621,78.6885245901639,28.6179268903355,5.38254517493272,21.7224144559785,28.4890426758939,20.3383314109958,32.6211996713229
"175",39049007820,17028,0,940,918,326,14107,120,486,244,786,429,238,238,57,25.4,631,634,0,1334,2091,1833,1564,3443,271,2013,1014,17091,1000,1765,3443,12.960306073649,58.4664536741214,9.46848678478072,6.91257624164972,49.6770988574267,36.8098159509202,100,45.4255010165553,3.10965630114566,23.4042553191489,13.3115111838516,42.8805237315876,51.2634330525704
"176",39049007830,31026,0,230,649,45,3750,27,365,524,445,119,100,100,32,27,703,740,0,1010,1630,1508,877,2518,255,2232,1362,33704,721,1064,2518,15.6441717791411,88.6417791898332,1.78713264495631,3.9714058776807,32.3028673835125,60,100,34.8292295472597,2.12201591511936,7.89124668435013,34.7480106100796,29.5092838196286,42.2557585385226
"177",39049007921,78192,0,358,354,419,55350,189,1935,1169,631,1260,102,102,288,34.4,979,1368,8,477,2541,4618,565,7500,129,6570,4151,78000,319,473,7500,5.0767414403778,87.6,5.58666666666667,1.36,4.85540334855403,45.1073985680191,100,7.53333333333333,6.23646600259853,27.2845387613686,25.3139887397142,13.6639237765266,6.30666666666667
"178",39049007922,74679,0,114,343,10,NA,0,1053,1005,295,403,48,48,55,35.2,829,1367,0,388,1521,2558,83,3916,80,3734,2440,82750,83,472,3916,5.25969756738988,95.3524004085802,0.255362614913177,1.22574055158325,2.22281735404392,0,100,2.11950970377937,2.15011727912432,15.7544956997654,39.288506645817,11.5324472243941,12.0531154239019
"179",39049007931,69833,29,139,323,171,16771,78,1032,583,321,957,62,62,177,34.6,872,1167,0,424,1557,2741,289,4142,101,3651,2453,70116,211,233,4142,6.48683365446371,88.1458232737808,4.12844036697248,1.49686141960406,5.77923856477677,45.6140350877193,100,6.97730564944471,6.45749726377235,34.9142648668369,21.2696096315213,11.7110543597227,5.62530178657653
"180",39049007933,68600,0,444,766,57,NA,0,2066,1541,572,1276,273,273,142,33.2,1091,1251,33,842,2908,5003,367,7854,0,7203,4641,68800,367,283,7854,0,91.7112299465241,0.725744843391902,3.47593582887701,5.09509926419547,0,100,4.67277820218997,2.83829702178693,25.504697181691,30.8015190885469,11.4331401159304,3.60325948561243
"181",39049007941,62297,0,159,299,379,62115,21,678,570,277,284,100,100,76,32.4,806,1122,12,415,1181,1726,147,2649,88,1955,1311,58750,88,401,2649,7.45131244707875,73.8014345035863,14.3072857682144,3.77500943752359,4.50127877237852,5.54089709762533,100,5.54926387315968,4.40324449594438,16.4542294322132,33.0243337195828,16.0486674391657,15.1377878444696
"182",39049007951,82409,0,564,923,180,24821,11,2158,2057,1253,786,252,252,96,33.7,970,1376,38,1160,3473,5537,624,8363,155,7309,4864,87308,375,1267,8363,4.4630002879355,87.3968671529356,2.15233767786679,3.01327274901351,5.13066082911479,6.11111111111111,100,7.46143728327155,1.73379086147733,14.1954126783457,37.1500812714466,22.629582806574,15.1500657658735
"183",39049007952,79663,0,226,789,234,76361,0,2115,1604,1190,1049,16,16,228,43.4,1061,1376,0,1000,3276,5620,155,7707,161,7040,5280,78710,155,570,7586,4.91452991452991,91.3455300376281,3.03620085636434,0.207603477358246,2.20170454545455,0,100,2.01115868690801,4.05693950177936,18.6654804270463,28.5409252669039,21.1743772241993,7.51384128658054
"184",39049007953,60206,0,378,706,457,60179,181,1646,1426,497,995,73,73,158,30.7,778,1054,0,1098,2937,4465,977,6783,193,5793,3949,59524,759,785,6783,6.57133129043241,85.4046881910659,6.7374318148312,1.07621996166888,13.1020196789228,39.6061269146608,100,14.4036561993218,3.53863381858903,22.2844344904815,31.9372900335946,11.1310190369541,11.5730502727407
"185",39049007954,49150,0,348,1074,816,31578,322,1904,1104,502,1259,1140,1140,450,28,792,928,0,1346,3459,4777,1405,8003,209,6034,3835,56441,885,1824,8003,6.04220873084707,75.3967262276646,10.1961764338373,14.2446582531551,14.6668876367252,39.4607843137255,100,17.5559165313008,9.42013816202638,26.3554532133138,23.1107389575047,10.5086874607494,22.7914532050481
"186",39049008000,87019,0,59,179,105,69138,0,1466,717,374,941,54,54,115,35.4,1288,1526,0,208,1790,3242,80,5167,116,4889,3113,89071,57,57,5167,6.4804469273743,94.6197019547126,2.032126959551,1.04509386491194,1.16588259357742,0,100,1.54828720727695,3.54719309068476,29.0252930289944,22.1159777914867,11.5360888340531,1.10315463518483
"187",39049008110,38657,0,69,725,648,63654,113,1060,245,56,1436,652,652,302,30.6,627,798,0,846,1978,2692,1092,4566,72,3808,2404,37948,979,843,4566,3.64004044489383,83.3990363556724,14.19185282523,14.2794568550153,25.7090336134454,17.4382716049383,100,23.915900131406,11.2184249628529,53.3432392273403,9.10104011887073,2.08023774145617,18.4625492772668
"188",39049008120,49889,0,19,341,361,49250,0,914,167,38,1205,724,724,503,40.1,712,926,0,463,1570,2582,244,3531,193,2913,2307,50795,171,414,3531,12.2929936305732,82.4978759558199,10.2237326536392,20.5041064854149,5.870236869207,0,100,6.91022373265364,19.4810224632068,46.6692486444617,6.46785437645236,1.47172734314485,11.7247238742566
"189",39049008132,56427,0,50,640,1024,31583,160,1572,633,302,1273,604,540,545,32.7,709,1018,68,885,2788,3928,741,6231,331,4570,3049,61446,330,950,6231,11.8723098995696,73.3429626063232,16.4339592360777,9.69346814315519,7.22100656455142,15.625,89.4039735099338,11.8921521425132,13.8747454175153,32.408350305499,16.1150712830957,7.68839103869654,15.246348900658
"190",39049008141,57690,0,344,793,391,24193,17,2032,1089,336,1402,708,708,386,30.7,736,1328,97,854,3043,4534,706,7538,157,6114,3814,59415,523,833,7538,5.15938218862964,81.1090474927036,5.18705226850623,9.39241178031308,8.55413804383382,4.34782608695652,100,9.36587954364553,8.51345390383767,30.9219232465814,24.0185266872519,7.41067490074989,11.050676572035
"191",39049008142,50358,0,249,1215,493,55580,17,1642,786,657,777,1163,1163,323,29.2,719,845,0,1407,3232,4191,903,6628,183,5487,3438,47889,864,1641,6628,5.66212871287129,82.7851538925769,7.43814121907061,17.5467712733856,15.7463094587206,3.44827586206897,100,13.6240193120097,7.7069911715581,18.5397279885469,18.7544738725841,15.6764495347173,24.7585998792999
"192",39049008161,47704,0,110,932,655,41414,105,1745,530,190,1593,700,700,437,30.1,745,898,0,1137,3134,4132,1261,7063,252,6063,3581,50048,1115,1486,7063,8.04084237396299,85.8417103213932,9.27367973948747,9.91080277502478,18.3902358568366,16.030534351145,100,17.8536032847232,10.5759922555663,38.5527589545015,12.8267182962246,4.59825750242014,21.0392184624097
"193",39049008162,50291,0,177,617,445,53750,49,2559,802,182,2579,1789,1789,805,30.7,662,1045,0,833,3649,5952,1086,9411,257,7919,5059,51257,915,918,9411,7.04302548643464,84.1462118797152,4.7285091913718,19.0096695356498,11.5544892031822,11.0112359550562,100,11.5396875996175,13.5248655913978,43.3299731182796,13.4744623655914,3.05779569892473,9.75454255658272
"194",39049008163,32667,0,0,439,164,13056,79,876,166,30,984,1030,1030,443,28.7,680,680,0,582,1580,2120,808,3528,122,3244,1907,35539,709,1006,3528,7.72151898734177,91.9501133786848,4.64852607709751,29.1950113378685,21.8557336621455,48.1707317073171,100,22.9024943310658,20.8962264150943,46.4150943396226,7.83018867924528,1.41509433962264,28.5147392290249
"195",39049008164,45397,0,0,243,588,31172,216,1120,304,151,994,1533,1533,773,28.8,683,920,0,447,1737,2866,762,4598,170,3872,2437,46517,445,641,4598,9.78698906160046,84.2105263157895,12.78816876903,33.340582862114,11.4927685950413,36.734693877551,100,16.5724227925185,26.9713886950454,34.6824842986741,10.6071179344033,5.26866713189114,13.9408438451501
"196",39049008210,28269,0,0,332,210,34531,0,503,44,36,622,440,440,512,32.6,700,675,0,377,1126,1435,504,2117,246,1729,1276,26962,482,396,2117,21.8472468916519,81.6721776098252,9.91969768540387,20.7841284837034,27.8773857721226,0,100,23.8072744449693,35.6794425087108,43.3449477351916,3.06620209059233,2.50871080139373,18.705715635333
"197",39049008230,25833,0,0,107,260,19034,75,150,70,3,104,473,473,211,23.4,656,656,56,194,1683,475,447,1072,1339,545,229,25871,262,344,1036,79.5603089720737,50.839552238806,24.2537313432836,44.1231343283582,48.0733944954128,28.8461538461538,100,41.6977611940299,44.421052631579,21.8947368421053,14.7368421052632,0.631578947368421,33.2046332046332
"198",39049008241,28500,0,12,333,436,32893,306,663,184,50,579,523,523,505,31.3,711,690,0,407,1298,1667,1089,2661,228,1886,1477,29531,535,637,2661,17.5654853620955,70.8756106726794,16.3848177376926,19.6542653137918,28.3669141039236,70.1834862385321,100,40.924464487035,30.2939412117576,34.7330533893221,11.0377924415117,2.999400119976,23.9383690341977
"199",39049008242,60808,0,1023,838,403,66458,44,1688,1185,766,1345,300,300,411,32.7,656,1073,23,1021,2903,4735,814,6786,194,4861,3467,61218,507,819,6786,6.68274199104375,71.6327733569113,5.93869731800766,4.42086648983201,10.4299526846328,10.9181141439206,100,11.9952844090775,8.68004223864836,28.4054910242872,25.026399155227,16.1774023231257,12.0689655172414
"200",39049008311,24602,0,0,670,1207,8226,1000,1039,182,9,1118,959,959,835,30.6,540,582,37,838,2073,2814,1757,4714,196,3274,2209,30839,722,1183,4714,9.45489628557646,69.4526941026729,25.6045820958846,20.3436571913449,22.0525351252291,82.8500414250207,100,37.2719558761137,29.6730632551528,39.7299218194741,6.46766169154229,0.319829424307036,25.0954603309291
"201",39049008312,26816,0,448,618,955,13506,587,1051,80,41,946,497,497,930,36.3,598,631,0,787,2103,2719,1742,4655,265,2982,1959,30316,449,1162,4591,12.6010461245839,64.0601503759399,20.515574650913,10.6766917293233,15.0570087189805,61.4659685863874,100,37.422126745435,34.2037513791835,34.7922030158146,2.94225818315557,1.50790731886723,25.3103898932694
"202",39049008321,52569,0,0,280,404,63478,119,625,94,84,649,11,11,302,43.4,919,896,0,342,1048,1583,233,2326,81,1816,1270,48333,114,259,2326,7.72900763358779,78.0739466895959,17.3688736027515,0.472914875322442,6.27753303964758,29.4554455445545,100,10.0171969045572,19.0777005685407,40.9981048641819,5.93809222994315,5.30638029058749,11.1349957007739
"203",39049008322,37229,0,71,667,378,29308,62,1003,229,42,1388,188,188,808,42.7,644,650,19,900,2264,3189,825,4124,361,3629,2833,38027,763,875,4124,15.9452296819788,87.9970902036857,9.16585838991271,4.55868089233754,21.0250757784514,16.4021164021164,100,20.0048496605238,25.3370962684227,43.524615867043,7.18093446221386,1.3170272812794,21.2172647914646
"204",39049008330,40806,0,0,205,20,NA,0,603,90,12,776,0,0,356,36.4,947,863,0,241,887,1447,395,2215,43,2195,1427,40403,395,250,2215,4.847801578354,99.0970654627539,0.90293453724605,0,17.995444191344,0,NA,17.8329571106095,24.6026261230131,53.628196268141,6.21976503109882,0.82930200414651,11.2866817155756
"205",39049008340,41464,0,170,627,997,34048,323,1430,455,129,2202,8,0,812,35.1,638,923,0,804,2359,4502,788,6831,125,5413,3656,40786,430,830,6230,5.2988554472234,79.2416922851706,14.5952276387059,0.117113160591421,7.9438389063366,32.3971915747242,0,11.535646318255,18.0364282541093,48.9115948467348,10.1066192803199,2.86539315859618,13.322632423756
"206",39049008350,36933,0,0,761,2241,18333,1204,1702,629,88,1159,1237,1237,983,28.4,672,824,0,868,2936,3780,2171,6779,366,4370,2701,43785,899,1496,6719,12.4659400544959,64.4637852190588,33.0579731523824,18.2475291340906,20.5720823798627,53.7260151717983,100,32.0253724738162,26.005291005291,30.6613756613757,16.6402116402116,2.32804232804233,22.2652180383986
"207",39049008360,62654,0,378,280,671,54292,27,1740,371,209,1816,239,239,1035,34.8,1093,1111,0,418,2259,4465,311,6628,101,5525,3921,64596,262,272,6104,4.47100486941124,83.3584791792396,10.1237175618588,3.60591430295715,4.7420814479638,4.02384500745156,100,4.69221484610742,23.1802911534155,40.6718924972004,8.30907054871221,4.68085106382979,4.45609436435125
"208",39049008370,58611,0,263,572,446,67500,0,1935,606,185,1798,186,186,736,33.8,844,1161,0,691,2983,4876,825,7313,357,6235,4319,58071,818,564,7313,11.9678176332551,85.2591275810201,6.09872829208259,2.54341583481471,13.1194867682438,0,100,11.2812799124846,15.0943396226415,36.8744872846596,12.428219852338,3.7940935192781,7.71229317653494
"209",39049008380,46442,0,59,311,259,47266,51,1027,200,85,980,364,364,523,30.5,794,1088,0,430,1617,2496,448,4129,160,3686,2231,46208,397,510,4129,9.89486703772418,89.2710099297651,6.27270525550981,8.81569387260838,10.7704829083017,19.6911196911197,100,10.8500847662872,20.9535256410256,39.2628205128205,8.01282051282051,3.40544871794872,12.3516589973359
"210",39049008400,86607,0,24,496,82,25038,32,790,801,638,210,4,4,27,46,688,1429,0,521,1405,2065,160,2887,94,2753,2000,91007,117,259,2887,6.69039145907473,95.3585036369934,2.84031866989955,0.138552130239002,4.24990918997457,39.0243902439024,100,5.5420852095601,1.30750605326877,10.1694915254237,38.7893462469734,30.8958837772397,8.97125043297541
"211",39049008500,64861,0,73,460,50,NA,15,1017,1070,682,315,140,140,84,30.7,788,947,0,730,1911,3114,276,4352,164,4207,3012,65014,252,843,4352,8.58189429618001,96.6681985294118,1.14889705882353,3.21691176470588,5.99001663893511,30,100,6.34191176470588,2.69749518304432,10.1156069364162,34.3609505459216,21.9010918432884,19.3704044117647
"212",39049008710,42143,0,60,306,1994,42528,469,706,86,15,910,43,43,289,44.9,739,760,0,360,1286,1763,530,2416,220,315,304,43091,61,232,2416,17.1073094867807,13.0380794701987,82.5331125827815,1.77980132450331,19.3650793650794,23.5205616850552,100,21.9370860927152,16.3925127623369,51.6165626772547,4.8780487804878,0.850822461712989,9.60264900662252
"213",39049008720,30292,0,77,523,1290,29805,185,766,276,0,1247,369,369,634,45.5,435,708,0,599,1751,2452,846,3487,386,1700,1260,40000,358,623,3487,22.0445459737293,48.7525093203327,36.9945511901348,10.5821623171781,21.0588235294118,14.3410852713178,100,24.2615428735303,25.8564437194127,50.8564437194127,11.2561174551387,0,17.866360768569
"214",39049008730,19688,0,54,267,1495,18750,579,400,45,11,620,120,120,529,34.8,504,553,0,355,1203,1513,977,2281,448,589,437,12273,285,576,1726,37.2402327514547,25.8220078912758,65.5414291977203,5.26085050416484,48.3870967741936,38.7290969899666,100,42.8320911880754,34.9636483807006,40.9781890284204,2.97422339722406,0.727032385988103,33.3719582850521
"215",39049008811,25000,0,0,176,181,48424,0,526,0,0,494,91,91,731,44.4,712,711,0,212,807,1405,819,2046,69,1727,1137,22359,819,199,2046,8.55018587360595,84.4086021505376,8.84652981427175,4.44770283479961,47.4232773595831,0,100,40.0293255131965,52.0284697508897,35.1601423487544,0,0,9.72629521016618
"216",39049008812,41414,0,17,303,1736,42694,321,814,141,32,887,143,136,514,46.3,877,856,0,358,1325,2043,346,2682,153,873,687,41250,25,218,2682,11.5471698113208,32.5503355704698,64.7278150633855,5.33184190902312,2.86368843069874,18.4907834101382,95.1048951048951,12.9008202833706,25.1590797846304,43.4165442976016,6.90161527165932,1.56632403328439,8.1282624906786
"217",39049008813,31686,0,0,302,1825,31279,393,602,17,8,654,0,0,482,39.2,805,833,0,310,1033,1461,430,2187,121,254,183,35500,37,335,2187,11.7134559535334,11.6140832190215,83.4476451760402,0,14.5669291338583,21.5342465753425,NA,19.6616369455876,32.9911019849418,44.7638603696099,1.16358658453114,0.54757015742642,15.3177869227252
"218",39049008821,30417,0,0,395,0,NA,0,633,58,40,951,0,0,549,45,779,761,0,476,1254,1917,620,2506,145,2461,1891,29906,620,432,2506,11.5629984051037,98.2043096568236,0,0,25.1930109711499,NA,NA,24.7406225059856,28.6384976525822,49.6087636932707,3.02556077203965,2.08659363588941,17.2386272944932
"219",39049008822,34076,0,0,426,1183,39111,337,955,113,44,1176,114,114,598,35,634,679,0,589,1655,2391,975,4007,111,2784,1910,31602,623,653,4007,6.70694864048338,69.4784127776391,29.5233341652109,2.84502121287746,22.3778735632184,28.4868977176669,100,24.3324182680309,25.0104558762024,49.1844416562108,4.72605604349645,1.84023421162693,16.2964811579735
"220",39049008825,50669,0,97,518,548,68050,0,1599,351,92,1874,104,104,818,42.6,941,993,33,687,2360,4174,511,5742,74,4968,3570,44876,489,281,5742,3.13559322033898,86.5203761755486,9.54371299198885,1.81121560431905,9.84299516908213,0,100,8.89933820968304,19.597508385242,44.8969813128893,8.40919980833733,2.20412074748443,4.89376523859282
"221",39049008900,73883,0,141,392,338,23750,48,1021,880,585,286,55,0,42,21.6,814,1190,0,499,1713,2381,437,5316,193,4691,2186,75554,345,549,3995,11.266783420899,88.2430398796087,6.3581640331076,1.03461249059443,7.35450863355361,14.2011834319527,0,8.22046651617758,1.76396472070559,12.0117597648047,36.9592608147837,24.5695086098278,13.7421777221527
"222",39049009000,131875,0,74,330,45,26500,0,833,815,859,88,8,8,9,42.9,780,1942,39,371,1380,2097,76,3159,176,2957,1961,137222,67,250,3159,12.7536231884058,93.6055713833492,1.42450142450142,0.253244697689142,2.2658099425093,0,100,2.40582462804685,0.429184549356223,4.19647114926085,38.8650453028135,40.963280877444,7.91389680278569
"223",39049009100,101792,0,29,312,105,24705,0,1267,1138,1000,269,88,88,85,41.6,905,1683,0,402,1769,3071,109,4545,100,4356,2930,104235,95,175,4545,5.65291124929339,95.8415841584158,2.31023102310231,1.93619361936194,2.18089990817264,0,100,2.3982398239824,2.76782806903289,8.75936177140996,37.0563334418756,32.5626831650928,3.85038503850385
"224",39049009210,27361,0,267,1051,1706,19877,406,1006,457,270,973,401,401,512,31.2,648,656,65,1185,2839,2920,1124,4468,648,1983,1434,30256,462,2023,4317,22.824938358577,44.3822739480752,38.1826320501343,8.97493285586392,23.2980332829047,23.7983587338804,100,25.1566696508505,17.5342465753425,33.3219178082192,15.6506849315069,9.24657534246575,46.8612462358119
"225",39049009220,45762,0,0,283,80,11625,17,574,38,0,896,169,169,192,42.3,805,862,38,283,1058,1547,134,2139,201,1946,1420,48897,111,347,2139,18.9981096408318,90.9770920991117,3.74006545114539,7.90088826554465,5.70400822199383,21.25,100,6.26460963066854,12.4111182934712,57.9185520361991,2.45636716224952,0,16.2225338943432
"226",39049009230,33188,0,73,640,1089,30813,345,1047,203,90,977,391,391,655,36.6,707,758,15,696,2146,2902,1068,4368,403,2800,2019,35625,513,1128,4368,18.7791239515377,64.1025641025641,24.9313186813187,8.9514652014652,18.3214285714286,31.6804407713499,100,24.4505494505494,22.5706409372846,33.6664369400414,6.99517574086837,3.1013094417643,25.8241758241758
"227",39049009240,35750,0,0,239,76,13750,56,526,60,5,480,145,145,260,31.9,1035,911,8,278,864,1273,698,1966,60,1812,1254,36500,586,259,1966,6.94444444444444,92.1668362156663,3.86571719226857,7.37538148524924,32.3399558498896,73.6842105263158,100,35.5035605289929,20.4241948153967,37.7062058130401,4.71327572663001,0.392772977219167,13.1739572736521
"228",39049009250,36500,0,34,281,435,15833,283,482,128,70,534,130,130,250,42,620,613,0,328,857,1354,419,2010,47,1503,1118,38125,136,293,2010,5.48424737456243,74.7761194029851,21.6417910447761,6.46766169154229,9.04856952761144,65.0574712643678,100,20.8457711442786,18.4638109305761,39.4387001477105,9.45347119645495,5.1698670605613,14.5771144278607
"229",39049009311,46985,0,14,547,1209,44536,25,557,221,166,533,158,158,200,36.6,858,936,0,635,1317,1761,59,2659,125,1215,842,49112,34,433,2659,9.49126803340926,45.6938698758932,45.4682211357653,5.94208349003385,2.79835390946502,2.06782464846981,100,2.21887927792403,11.3571834185122,30.266893810335,12.549687677456,9.42646223736513,16.2843174125611
"230",39049009312,35184,0,18,463,1707,31576,347,731,98,25,736,306,298,459,33.1,702,718,0,538,1577,1937,509,3129,308,1270,957,38385,162,835,3129,19.5307545973367,40.5880472994567,54.5541706615532,9.77948226270374,12.755905511811,20.3280609256005,97.3856209150327,16.2671780121445,23.6964377903975,37.9969024264326,5.0593701600413,1.29065565307176,26.6858421220837
"231",39049009321,35789,0,0,375,1065,29141,281,414,106,29,569,0,0,208,36.9,923,907,0,440,986,1314,471,2007,132,894,737,36776,166,286,2007,13.3874239350913,44.5440956651719,53.0642750373692,0,18.5682326621924,26.3849765258216,NA,23.4678624813154,15.8295281582953,43.3028919330289,8.06697108066971,2.20700152207002,14.2501245640259
"232",39049009322,38431,0,0,406,1397,44101,195,884,125,38,933,258,258,331,40.6,921,975,50,439,1479,2159,646,3126,156,1404,1110,33611,321,447,3126,10.5476673427992,44.9136276391555,44.6896992962252,8.25335892514395,22.8632478632479,13.9584824624195,100,20.6653870761356,15.3311718388143,43.2144511347846,5.78971746178786,1.76007410838351,14.299424184261
"233",39049009323,30266,106,13,351,2554,26750,957,840,135,27,788,186,186,511,28.7,739,821,0,458,1628,1994,1409,3669,330,675,503,39118,81,919,3669,20.2702702702703,18.3973834832379,69.6102480239847,5.06950122649223,12,37.4706342991386,100,38.4028345598256,25.6268806419258,39.518555667001,6.7703109327984,1.35406218655968,25.0476969201417
"234",39049009325,22001,0,157,1021,3183,20307,808,952,180,65,1077,354,354,590,36.2,663,668,0,1179,2593,2971,1119,4382,462,1009,699,23576,311,1893,4103,17.8172001542615,23.0260155180283,72.6380648105888,8.07850296668188,30.8225966303271,25.3848570530946,100,25.5362848014605,19.8586334567486,36.2504207337597,6.05856613934702,2.18781555031976,46.1369729466244
"235",39049009326,27031,0,79,304,867,30978,158,421,60,0,254,303,283,130,24.6,545,545,0,383,997,898,372,1883,193,868,335,26504,203,804,1883,19.358074222668,46.0966542750929,46.0435475305364,16.0913436006373,23.3870967741935,18.2237600922722,93.3993399339934,19.7557089750398,14.4766146993318,28.2850779510022,6.6815144766147,0,42.6978226234732
"236",39049009331,25026,0,17,312,665,16716,266,189,14,7,265,0,0,165,32.8,615,695,0,312,822,662,266,1017,321,318,229,41797,0,379,1017,39.051094890511,31.2684365781711,65.3883972468043,0,0,40,NA,26.1553588987217,24.9244712990937,40.0302114803625,2.11480362537764,1.05740181268882,37.2664700098328
"237",39049009332,45265,0,35,457,2506,46928,475,898,309,290,768,44,44,216,43.1,876,977,0,534,1555,2264,625,3335,123,630,494,34643,150,504,3232,7.90996784565916,18.8905547226387,75.1424287856072,1.31934032983508,23.8095238095238,18.9545091779729,100,18.7406296851574,9.54063604240283,33.9222614840989,13.6484098939929,12.8091872791519,15.5940594059406
"238",39049009333,33652,0,0,394,1801,32156,479,526,130,83,634,0,0,153,40.7,756,933,0,403,1029,1366,542,2247,100,372,372,39762,21,356,2247,9.71817298347911,16.5554072096128,80.1513128615932,0,5.64516129032258,26.5963353692393,NA,24.1210502892746,11.2005856515373,46.4128843338214,9.51683748169839,6.07613469985359,15.8433466844682
"239",39049009334,46775,0,88,324,2463,50640,493,816,170,69,728,23,23,307,36.6,699,914,0,373,1334,2053,574,3206,145,421,386,30240,75,298,3206,10.8695652173913,13.1316281971304,76.8247036805989,0.717404865876482,17.8147268408551,20.0162403572879,100,17.9039301310044,14.9537262542621,35.4603019970775,8.28056502679006,3.36093521675597,9.29507174048659
"240",39049009336,34854,0,204,723,1078,25982,397,434,325,151,469,151,151,128,28.5,762,760,13,976,1584,1636,825,2588,174,1012,677,34537,322,1314,2588,10.9848484848485,39.1035548686244,41.6537867078825,5.83462132921175,31.8181818181818,36.8274582560297,100,31.8778979907264,7.8239608801956,28.6674816625917,19.8655256723716,9.22982885085574,50.7727975270479
"241",39049009337,32864,0,9,527,3297,33341,990,862,303,73,799,375,375,410,29.1,733,798,0,702,1749,2326,1131,3962,185,543,387,25515,129,1057,3962,10.5774728416238,13.7051993942453,83.2155477031802,9.46491670873296,23.7569060773481,30.0272975432211,100,28.5461887935386,17.6268271711092,34.3508168529665,13.0266552020636,3.1384350816853,26.678445229682
"242",39049009340,36951,0,0,339,917,40865,150,595,160,38,482,347,347,527,32.5,726,828,0,447,1415,1743,384,2630,373,1662,1028,36525,202,620,2630,26.3604240282686,63.1939163498099,34.8669201520913,13.1939163498099,12.1540312876053,16.3576881134133,100,14.6007604562738,30.2352266207688,27.653471026965,9.17957544463569,2.18014916810098,23.574144486692
"243",39049009350,37889,0,24,440,1366,33917,146,691,280,226,590,88,88,185,31.7,773,789,0,515,1369,1848,522,2920,163,1336,934,51389,296,747,2920,11.9065010956903,45.7534246575342,46.7808219178082,3.01369863013699,22.1556886227545,10.688140556369,100,17.8767123287671,10.0108225108225,31.9264069264069,15.1515151515152,12.2294372294372,25.5821917808219
"244",39049009361,58393,0,118,1019,1984,44574,43,1262,889,519,1062,165,165,147,49.7,743,932,39,1193,2711,4034,203,4898,256,2559,2329,74418,134,1232,4898,9.44300995942457,52.2458146182115,40.5063291139241,3.36872192731727,5.23642047674873,2.16733870967742,100,4.14454879542671,3.64402578086267,26.3262270699058,22.0376797223599,12.8656420426376,25.153123723969
"245",39049009362,54125,0,324,776,1462,52591,33,1889,1312,443,1133,120,120,414,39.6,743,879,15,931,2936,4836,446,6827,116,4931,3783,59028,280,722,6827,3.95095367847411,72.2279185586641,21.4149699721693,1.75772667350227,5.67836138714257,2.25718194254446,100,6.53288413651677,8.56079404466501,23.4284532671629,27.1298593879239,9.16046319272126,10.575655485572
"246",39049009371,37934,0,12,715,3636,39044,1143,1343,607,364,788,53,53,402,30.2,811,794,15,912,2965,3216,1456,5500,710,1660,1234,36800,270,1760,5437,23.9460370994941,30.1818181818182,66.1090909090909,0.963636363636364,16.2650602409639,31.4356435643564,100,26.4727272727273,12.5,24.5024875621891,18.8743781094527,11.318407960199,32.3707927165716
"247",39049009372,53455,8,129,419,2346,53178,469,1172,279,169,1192,88,88,248,34.4,983,1091,0,446,1752,2785,708,4459,134,1835,1388,52542,197,361,4459,7.64840182648402,41.1527248261942,52.61269342902,1.97353666741422,10.7356948228883,19.9914748508099,100,15.8779995514689,8.9048473967684,42.8007181328546,10.0179533213645,6.06822262118492,8.09598564700606
"248",39049009373,52692,0,0,335,3240,53750,390,1480,451,97,1216,166,166,375,31.3,869,1101,0,446,2117,3391,582,5511,191,1828,1378,51369,134,473,5511,9.02220122815305,33.1700235891853,58.7915078933043,3.01215750317547,7.33041575492341,12.037037037037,100,10.5606967882417,11.05868475376,35.8596284281923,13.299911530522,2.86051312297257,8.58283433133733
"249",39049009374,44334,0,330,1078,4130,43795,330,1908,753,307,1402,598,598,488,28.9,771,1051,40,1347,3764,5206,1073,8833,509,3708,2629,40208,610,1751,8833,13.5228480340064,41.9789426016076,46.7564813766557,6.7700667949734,16.4509169363538,7.99031476997579,100,12.1476282123854,9.37379946215905,26.930464848252,14.4640799077987,5.89704187475989,19.8233895618703
"250",39049009381,39067,0,40,779,1520,16628,1156,1367,507,137,1130,354,354,463,34.2,713,794,0,892,2592,3277,1423,5594,333,3912,2613,47223,267,1313,5594,12.8472222222222,69.9320700750804,27.1719699678227,6.32820879513765,6.82515337423313,76.0526315789474,100,25.4379692527708,14.1287763198047,34.4827586206897,15.47146780592,4.1806530363137,23.47157668931
"251",39049009382,43202,0,0,491,158,23125,104,638,139,20,1023,89,89,134,33.9,765,836,0,605,1342,1902,400,2880,99,2405,1734,44366,203,450,2880,7.37704918032787,83.5069444444444,5.48611111111111,3.09027777777778,8.44074844074844,65.8227848101266,100,13.8888888888889,7.04521556256572,53.7854889589905,7.3080967402734,1.0515247108307,15.625
"252",39049009383,46250,0,48,323,356,40625,48,534,205,32,496,139,139,308,34.9,739,897,0,400,1091,1517,345,2265,157,1671,1200,47578,185,422,2265,14.3904674610449,73.7748344370861,15.7174392935982,6.13686534216336,11.0712148414123,13.4831460674157,100,15.2317880794702,20.3032300593276,32.6961107448912,13.5135135135135,2.1094264996704,18.6313465783664
"253",39049009384,38378,0,29,382,632,58194,20,635,320,84,570,152,152,193,39.1,927,920,13,421,1229,1687,399,2574,173,1837,1224,37105,357,500,2574,14.0764849471115,71.3675213675214,24.5532245532246,5.90520590520591,19.43385955362,3.16455696202532,100,15.5011655011655,11.4404267931239,33.787788974511,18.968583283936,4.9792531120332,19.4250194250194
"254",39049009385,53188,0,32,579,424,100089,114,892,678,263,492,64,64,142,43.1,802,996,0,714,1700,2414,307,3322,94,2760,2099,54969,160,629,3322,5.52941176470588,83.0824804334738,12.7633955448525,1.92655027092113,5.79710144927536,26.8867924528302,100,9.2414208308248,5.88235294117647,20.3811101905551,28.086164043082,10.8947804473902,18.9343768813968
"255",39049009386,32360,0,46,224,1523,31106,709,768,308,33,522,131,131,159,25.6,764,804,30,284,1269,1458,1100,2824,217,1038,750,37125,203,703,2824,17.1000788022065,36.7563739376771,53.9305949008499,4.63881019830028,19.5568400770713,46.5528562048588,100,38.9518413597734,10.9053497942387,35.8024691358025,21.1248285322359,2.26337448559671,24.8937677053824
"256",39049009390,75938,0,176,383,1019,104833,0,1264,611,293,1105,117,117,350,40.9,1033,1326,0,483,2013,3275,314,4902,266,3662,2524,72833,309,319,4902,13.2141082960755,74.7042023663811,20.7874337005304,2.38678090575275,8.43801201529219,0,100,6.40554875560995,10.6870229007634,33.7404580152672,18.6564885496183,8.94656488549618,6.50754793961648
"257",39049009410,50050,36,72,200,477,51833,80,752,126,50,938,47,47,226,31.4,677,1057,22,278,1156,1808,549,2999,126,2326,1413,51286,447,296,2999,10.8996539792388,77.5591863954651,15.9053017672558,1.56718906302101,19.2175408426483,16.7714884696017,100,18.3061020340113,12.5,51.8805309734513,6.96902654867257,2.76548672566372,9.86995665221741
"258",39049009420,46525,0,74,494,1292,31341,375,1462,249,57,1817,22,22,541,34.6,593,946,0,608,2521,3558,890,5641,451,4216,2777,55565,479,607,5641,17.8897262990877,74.7385215387343,22.9037404715476,0.390001772735331,11.3614800759013,29.0247678018576,100,15.7773444424747,15.2051714446318,51.0680157391793,6.99831365935919,1.60202360876897,10.7605034568339
"259",39049009430,48986,0,499,594,1963,48411,277,1821,561,102,1903,141,141,556,32,759,1088,45,692,2864,4334,897,7157,351,4373,2713,49270,535,799,7157,12.2555865921788,61.1010199804387,27.4276931675283,1.97009920357692,12.2341641893437,14.1110545084055,100,12.5331842950957,12.8287955699123,43.9086294416244,12.9441624365482,2.3534840793724,11.1638954869359
"260",39049009440,69375,66,0,322,628,86538,0,1009,380,178,876,81,81,333,38.9,695,1044,29,414,1557,2476,346,3697,134,2776,2116,65463,248,336,3697,8.6062941554271,75.0879091154991,16.9867460102786,2.19096564782256,8.93371757925072,0,100,9.35893968082229,13.4491114701131,35.3796445880452,15.3473344103393,7.18901453957997,9.08845009467136
"261",39049009450,69918,0,159,572,830,71731,0,2215,887,727,1368,17,17,471,34.4,715,1415,0,652,3055,5295,260,8216,188,6677,4501,71467,260,364,8065,6.15384615384615,81.2682570593963,10.1022395326193,0.206913339824732,3.89396435524936,0,100,3.16455696202532,8.89518413597734,25.8356940509915,16.7516525023607,13.7299338999056,4.51332920024799
"262",39049009495,57115,0,189,354,1573,31898,603,1336,265,221,1359,101,101,347,30,797,974,15,454,1923,3132,823,5158,133,3202,2229,56635,220,633,5158,6.91627665106604,62.0783249321442,30.4963164017061,1.95812330360605,6.87070580886946,38.3343928798474,100,15.9557968204731,11.0791826309068,43.3908045977011,8.4610472541507,7.05619412515964,12.2721985265607
"263",39049009497,62104,0,0,140,0,NA,0,436,95,28,584,0,0,121,49,1219,964,0,179,666,1138,45,1403,51,1364,1115,61951,40,61,1403,7.65765765765766,97.2202423378475,0,0,2.93255131964809,NA,NA,3.20741268709907,10.6326889279438,51.3181019332162,8.34797891036907,2.46045694200351,4.34782608695652
"264",39049009520,55625,0,0,251,390,97609,12,1046,212,45,1372,9,9,543,33.9,797,1032,0,360,1533,2779,385,4328,127,3875,2489,49907,362,346,4328,8.28440965427267,89.5332717190388,9.01109057301294,0.207948243992606,9.34193548387097,3.07692307692308,100,8.89556377079482,19.5394026628284,49.3702770780856,7.62864339690536,1.61928751349406,7.99445471349353
"265",39049009590,48776,0,0,474,115,57500,0,1309,249,31,1645,23,23,647,44.3,672,726,0,535,1968,3354,343,4758,124,4546,3277,48469,343,176,4758,6.30081300813008,95.5443463640185,2.41698192517865,0.483396385035729,7.54509458864936,0,100,7.20891130727196,19.2903995229577,49.0459153249851,7.42397137745975,0.924269528920692,3.69903320722993
"266",39049009600,37628,0,16,557,700,17800,237,1103,257,54,1217,20,20,391,34.1,682,806,2,600,1819,2629,1014,4172,116,3345,2265,41236,704,721,4172,6.37713029136888,80.1773729626079,16.7785234899329,0.479386385426654,21.0463378176383,33.8571428571429,100,24.3048897411314,14.8725751236211,46.2913655382275,9.7755800684671,2.05401293267402,17.2818791946309
"267",39049009711,48628,0,32,429,8,NA,0,1145,329,171,1348,96,96,366,35.5,788,861,0,536,1761,2894,578,4506,80,4273,2809,48819,510,773,4374,4.54287336740488,94.8291167332446,0.177541056369285,2.13049267643142,11.9354083781886,0,100,12.8273413226809,12.6468555632343,46.5791292328956,11.3683483068417,5.90877677954388,17.6726108824874
"268",39049009712,46019,0,0,412,36,2499,36,636,334,73,742,6,6,179,36.7,811,1037,0,464,1120,1766,245,2562,20,2494,1715,46389,209,337,2562,1.78571428571429,97.3458235753318,1.40515222482436,0.234192037470726,8.38011226944667,100,100,9.56284153005464,10.1359003397508,42.0158550396376,18.9127972819932,4.13363533408834,13.1537861046058
"269",39049009720,46461,0,53,959,220,25833,129,1568,775,333,1583,252,252,642,42.3,740,859,0,1013,2954,4379,832,6245,373,5752,4079,47587,664,1004,5951,12.6269465132024,92.1056845476381,3.52281825460368,4.03522818254604,11.5438108484006,58.6363636363636,100,13.3226581265012,14.6608814797899,36.1498058917561,17.6981045900891,7.60447590774149,16.8711140984708
"270",39049009740,82925,0,131,781,93,49500,0,3498,1880,884,2735,180,180,452,39.3,880,1460,9,1214,4971,8814,243,12762,259,12194,8443,84003,243,611,12762,5.2102192717763,95.5492869456198,0.728725905030559,1.41043723554302,1.99278333606692,0,100,1.90409026798307,5.12820512820513,31.0301792602678,21.3297027456319,10.0294985250737,4.78765083842658
"271",39049009751,78404,0,110,305,76,94063,0,1227,530,369,946,70,70,108,36.2,916,1471,0,336,1677,2920,124,4585,114,4235,2759,77596,113,290,4461,6.79785330948122,92.3664122137405,1.65757906215922,1.52671755725191,2.66824085005903,0,100,2.70447110141767,3.6986301369863,32.3972602739726,18.1506849315068,12.6369863013699,6.500784577449
"272",39049009752,72672,0,137,323,480,69844,0,1642,755,374,1150,110,110,247,32.2,991,1526,0,415,2174,3862,225,6247,117,5499,3482,72952,225,220,6247,5.38178472861086,88.0262526012486,7.68368817032175,1.76084520569874,4.09165302782324,0,100,3.60172882983832,6.39564992232004,29.7773174520974,19.54945624029,9.68410150181253,3.52169041139747
"273",39049009800,61002,0,36,443,84,100208,6,2028,609,211,2161,143,143,657,45.8,861,1285,0,505,2649,4987,897,6780,116,6553,4841,61091,891,275,6780,4.37901094752737,96.6519174041298,1.23893805309735,2.10914454277286,13.5968258812758,7.14285714285714,100,13.2300884955752,13.1742530579507,43.3326649288149,12.2117505514337,4.23100060156407,4.05604719764012
"274",39049009900,32273,0,25,386,522,41360,223,217,180,38,246,255,255,93,27.3,614,614,9,507,900,844,455,1393,176,606,399,33281,98,724,1393,19.5555555555556,43.5032304379038,37.473079684135,18.3058147882268,16.1716171617162,42.72030651341,100,32.6633165829146,11.0189573459716,29.1469194312796,21.3270142180095,4.50236966824645,51.9741564967696
"275",39049010000,56597,0,486,1043,745,56500,93,1438,1598,565,519,34,34,189,35.2,839,925,26,1299,2812,4065,375,5540,75,4125,3052,59485,270,1737,5540,2.66714082503556,74.4584837545126,13.4476534296029,0.613718411552347,6.54545454545455,12.4832214765101,100,6.76895306859206,4.64944649446494,12.7675276752768,39.3111931119311,13.8991389913899,31.3537906137184
"276",39049010100,57969,0,0,280,555,58125,0,251,328,128,170,0,0,7,36.8,1015,1120,0,334,757,822,95,1066,172,429,346,65417,95,361,1066,22.7212681638045,40.2439024390244,52.0637898686679,0,22.1445221445221,0,NA,8.91181988742964,0.851581508515815,20.6812652068127,39.9026763990268,15.5717761557178,33.8649155722326
"277",39049010200,47356,0,119,2208,4666,47962,839,3694,1957,565,2303,678,678,631,29.1,784,957,83,2532,7202,8957,1215,14652,976,9191,6152,47530,322,3423,14652,13.5517911691197,62.7286377286377,31.8454818454818,4.62735462735463,3.5034272658035,17.9811401628804,100,8.29238329238329,7.04476945405828,25.7117338394552,21.8488333147259,6.30791559673998,23.3619983619984
"278",39049010300,37966,0,0,176,624,38188,117,713,79,5,763,55,55,234,24.3,812,776,0,176,1051,1437,438,2889,162,2200,1086,37440,266,705,2889,15.4138915318744,76.1509172724126,21.5991692627207,1.90377293181032,12.0909090909091,18.75,100,15.1609553478712,16.2839248434238,53.0967292971468,5.49756437021573,0.34794711203897,24.4029075804777
"279",39049010400,141139,0,1566,293,98,33781,14,2072,2121,1285,381,74,74,58,37.2,980,2385,0,353,2576,4730,93,7879,151,5916,3716,148250,79,200,7702,5.86180124223602,75.0856707704023,1.24381266658205,0.939205482929306,1.33536173089926,14.2857142857143,100,1.1803528366544,1.2262156448203,8.05496828752643,44.8414376321353,27.1670190274841,2.59672812256557
"280",39049010500,90039,0,913,754,191,70000,0,1975,2012,1333,509,208,208,29,35.8,1110,1624,0,934,3075,4831,395,7538,166,6255,4018,95783,161,782,7538,5.39837398373984,82.979570177766,2.53382860175113,2.75935261342531,2.57394084732214,0,100,5.24011674184134,0.600289795073484,10.5361208859449,41.6476919892362,27.5926309252743,10.3741045370125
"281",39049010601,107313,0,321,111,37,NA,0,1132,1064,494,473,92,92,58,30.4,695,1883,0,222,1432,2593,26,4583,78,4225,2392,109018,26,151,4583,5.44692737430168,92.1885228016583,0.807331442286712,2.00741872136155,0.615384615384615,0,100,0.567313986471743,2.2367913613575,18.2414192055534,41.0335518704204,19.051291939838,3.2947850752782
"282",39049010602,78125,0,376,800,129,66875,0,1642,1394,733,780,439,439,395,37.2,831,1501,0,893,2745,4324,117,6690,210,6097,3950,78214,100,841,6690,7.65027322404372,91.136023916293,1.92825112107623,6.56203288490284,1.64015089388224,0,100,1.74887892376682,9.13506012950971,18.0388529139685,32.2386679000925,16.9518963922294,12.5710014947683
"283",39049010700,40216,0,30,369,85,22216,0,176,177,188,100,0,0,80,40.3,677,744,0,448,874,779,123,1028,250,874,661,41042,94,472,1028,28.604118993135,85.0194552529183,8.26848249027237,0,10.7551487414188,0,NA,11.9649805447471,10.2695763799743,12.8369704749679,22.7214377406932,24.1335044929397,45.9143968871595
"284",39049980000,2499,0,0,8,0,NA,0,0,0,0,0,0,0,0,NA,NA,NA,0,8,8,0,8,8,0,8,0,2499,8,8,8,0,100,0,0,100,NA,NA,100,NA,NA,NA,NA,100
