"","GEOID","totalpopulation_1970","white_1970","black_1970","poverty_1970","pctpoverty_1970","pctwhite_1970","pctblack_1970","totalpopulation_1980","white_1980","black_1980","poverty_1980","pctpoverty_1980","pctblack_1980","pctwhite_1980","totalpopulation_1990","white_1990","black_1990","poverty_1990","pctpoverty_1990","pctwhite_1990","pctblack_1990"
"1",39049000110,4685,4620,4,130,25.6916996,98.61259338,0.085378869,3876.000006,3839.000006,15.00000002,137.0000002,3.534571723,0.386996904,99.04540764,3666.000006,3606.000006,20.00000003,141.0000002,3.853511888,98.36333879,0.545553737
"2",39049000120,4162.46,4115.466,0,78.98975,25.15923242,98.87100417,0,3497.546099,3463.550511,10.99857264,79.98961918,2.287021155,0.314465409,99.02801601,3235.580096,3194.585416,5.999221439,81.98935966,2.533992583,98.73300371,0.185414091
"3",39049000210,3779.05,3636.462,0,104.3782,27.79155812,96.22688242,0,3158.138251,3123.298921,8.474431801,44.25536607,1.401311866,0.268336315,98.89683959,2910.496522,2852.117103,9.416035335,58.37941908,2.005823358,97.99417664,0.323519896
"4",39049000220,5426.49,5344.072,5,112.632,27.50707263,98.48119134,0.092140592,4506.315657,4463.150575,14.52699562,54.75501584,1.2150728,0.322369686,99.04212034,4335.923387,4242.297487,24.58474305,143.6312216,3.312586703,97.84069293,0.567001325
"5",39049000310,4701.492,4617.33,2.093356,36.01867,19.73967547,98.20988741,0.044525355,3941.266683,3821.818091,76.6342086,215.3674223,5.471993956,1.944405562,96.96928422,3609.453621,3291.28689,240.0970067,375.2243284,10.39059218,91.18518302,6.651893387
"6",39049000320,3695,3671,5,28,32.18390805,99.35047361,0.135317997,2894.000008,2868.000008,16.00000004,50.00000014,1.727712509,0.552868003,99.1015895,2645.000007,2559.000007,35.0000001,137.0000004,5.273287144,96.74858223,1.323251418
"7",39049000330,2884.835,2831.772,15.91877,68.98134,34.21052005,98.1606227,0.551808682,2453.259339,2373.665489,58.3688235,239.6659268,9.81173063,2.379235761,96.7555876,2680.000015,2434.000014,187.000001,298.0000017,11.09869646,90.82089552,6.97761194
"8",39049000410,3429.742,3261.5,0,111.5512,26.12420091,95.09461645,0,2658.137198,2603.940907,17.62604033,205.6437414,7.736510104,0.663097463,97.96111763,2593.107837,2490.700193,38.40286641,130.7526166,5.051218651,96.05077574,1.480959097
"9",39049000420,4171,4045,0,102,19.61538462,96.97914169,0,3627.576954,3558.949884,25.11757566,139.1659586,3.853360817,0.692406418,98.10818431,3452.000002,3339.000002,33.00000002,218.0000001,6.361248906,96.72653534,0.955967555
"10",39049000500,5108.802,4932.69,20.60524,168.6893,23.22403988,96.55277304,0.403328217,4193.62389,4051.139516,33.57521868,308.9960567,7.380040407,0.800625415,96.60235686,4235.909171,3967.259776,121.0030431,308.4858599,7.320714894,93.65781029,2.856601457
"11",39049000600,5087.796,4846.277,14.32863,208.7852,31.37033472,95.25297398,0.281627447,4242.924646,4040.180229,130.0683697,894.9840276,21.15918064,3.065535699,95.22158809,4147.699797,3681.939092,227.5272098,886.5909885,21.5273434,88.77062642,5.485623863
"12",39049000710,5199,4980,81,129,33.16195373,95.78765147,1.557991922,3889.000007,3390.000006,441.0000008,520.000001,13.37104654,11.33967601,87.16893803,3615.000007,2969.000006,572.0000011,638.0000012,17.71730075,82.13001383,15.82295989
"13",39049000720,4203,1845,2281,87,32.22222222,43.89721627,54.27075898,3502.000019,1084.000006,2377.000013,587.0000031,16.90668203,67.87549971,30.95374072,3177.000017,956.0000051,2142.000011,721.0000038,22.94716741,30.09128108,67.42209632
"14",39049000730,6113,683,5060,157,39.25,11.17291019,82.77441518,5353.999984,235.9999993,5094.999985,1823.999995,34.19572553,95.16249533,4.407919313,4659.999986,195.9999994,4387.999987,1973.999994,42.57981018,4.206008584,94.16309013
"15",39049000810,3618,3475,44,49,28,96.04754008,1.216141515,3037.999973,2823.999975,180.9999984,253.9999978,8.418959231,5.957867018,92.95589203,2869.999975,2539.999978,238.9999979,240.9999979,8.435421771,88.50174216,8.327526132
"16",39049000820,4205.538,4175.656,1.690016,88.86246,26.27737446,99.28946071,0.040185489,3750.173728,3152.602863,568.0299712,395.0233366,10.57386875,15.14676419,84.06551515,3631.705164,2584.825344,983.1036206,634.6417648,17.53012602,71.17387639,27.07002844
"17",39049000910,5092,3742,1307,174,44.50127877,73.48782404,25.66771406,4535.000046,1846.000019,2653.000027,785.000008,17.41735079,58.50055127,40.70562293,4344.000045,1582.000016,2685.000028,702.0000072,16.26129256,36.41804788,61.80939227
"18",39049000920,3180.497,2984.897,143.7062,123.747,38.74999961,93.85001778,4.518356722,3038.786827,1901.112941,1100.749383,760.4451765,25.06578947,36.22331691,62.56157635,2989.886809,1403.131126,1526.87811,968.0207627,32.70397842,46.92923899,51.06809079
"19",39049001000,6454.16,6197.254,24.19406,857.3959,46.26008066,96.01952849,0.374859935,5597.742247,5220.327305,232.3044999,1573.462951,28.2941044,4.149967783,93.25772918,6044.612876,5314.211473,302.185909,2133.392622,35.50772528,87.91648998,4.999259923
"20",39049001110,3009.661,2721.533,44.06613,512.9743,40.64482723,90.42656299,1.46415593,3209.737549,2891.789689,181.612803,1596.210264,49.73119872,5.658182333,90.09427233,3752.283457,3145.101173,141.0668946,2265.170586,60.36998852,83.8183258,3.759494618
"21",39049001121,11055.29,10632.01,163.6476,278.9783,40.29234878,96.17124472,1.480265104,9887.850451,8780.675846,629.2469837,459.4740225,30.49878145,6.363840015,88.80267647,8902.720338,7212.691842,770.5564732,482.3306978,32.55632771,81.01671812,8.655292359
"22",39049001122,3047.687,2930.998,45.11384,76.90782,40.29234916,96.17122756,1.48026487,2725.850018,2420.627773,173.4687342,126.6662839,30.49878145,6.363840015,88.80267647,2454.272596,1988.371111,212.4244685,132.9673368,32.55632771,81.01671812,8.655292359
"23",39049001200,4457.84,4290.746,35.80594,995.6042,51.75801307,96.25168243,0.803212767,4934.257949,4488.672873,240.6955097,1930.537125,45.29754959,4.87804878,90.96956259,4910.38732,4282.788698,218.8140997,2655.607483,61.90586599,87.21895888,4.456147458
"24",39049001300,6300,5838,148,1556,52.97923051,92.66666667,2.349206349,6758.999998,6016.999999,487.9999999,3110.999999,59.40423907,7.220002959,89.02204468,6998.999998,5965.999999,581.9999999,3448.999999,59.3529513,85.24074868,8.315473639
"25",39049001400,3749.127,958.4805,2620.428,140.3591,41.61804377,25.56543163,69.89435141,2428.869347,375.3449322,2042.178976,846.1806407,35.45958796,84.07940833,15.45348385,2184.000008,266.0000009,1874.000006,1031.000004,48.38104176,12.17948718,85.80586081
"26",39049001500,4255.873,398.5194,3679.571,235.6409,55.21824998,9.36398713,86.45866547,3479.130783,198.6550863,3245.821135,1747.819408,50.50514172,93.29402478,5.709905682,3026.000015,138.0000007,2792.000014,1647.000008,55.7549086,4.560475876,92.26701917
"27",39049001600,2978.721,1124.242,1749.348,155.3292,36.44444194,37.74244046,58.72815883,2372.558749,1186.752939,1117.612504,1245.474952,50.83107847,47.10578842,50.01996008,2382.999978,800.9999927,1543.999986,1380.999987,55.95623987,33.61309274,64.79227864
"28",39049001700,3620,3078,379,519,45.09122502,85.02762431,10.46961326,3332.999961,2750.999967,516.9999939,1600.999981,49.32224276,15.51155116,82.53825383,3080.999964,2174.999974,764.999991,1823.999978,59.20155794,70.593963,24.82960078
"29",39049001810,3959.792,3637.858,96.58029,1299.444,52.11266928,91.8699265,2.439024322,3550.057467,3215.440893,196.0872632,1853.561195,53.01339286,5.523495466,90.57433361,3962.718722,3364.701347,176.5760927,2372.558329,59.47664466,84.90891187,4.455933038
"30",39049001820,4577.429,4200.926,141.2716,484.2691,39.26768355,91.77479323,3.086265238,3260.545884,2980.200233,210.0126422,1150.064989,35.53583623,6.441027046,91.40187988,2821.454813,2469.895635,222.501949,693.4436548,25.15353839,87.53979061,7.886071681
"31",39049001901,1918.859,1828.659,46.0377,101.5053,20.04079421,95.29928984,2.399222663,1575.91579,1502.4476,50.13894729,169.2975387,10.75957495,3.181575285,95.33806371,1501.251133,1397.017392,60.1421961,192.7847944,12.97204798,93.05687511,4.006138265
"32",39049001902,4772.481,4547.382,111.8793,247.1461,20.09027149,95.28339662,2.344258678,3921.569833,3744.268756,121.0633614,412.9133176,10.55229049,3.087114766,95.47882392,3733.504582,3481.485761,144.7636582,464.2764511,12.57245909,93.2498055,3.877420131
"33",39049002000,5596.686,4750.49,662.7285,307.0267,44.56521487,84.88040959,11.8414451,3622.540982,3221.908542,354.7656414,1062.42481,29.78220939,9.793281654,88.94056848,3228.545181,2731.104359,415.4980511,601.5563431,18.727491,84.59241565,12.86951329
"34",39049002100,2310.886,2227.584,0,210.7042,38.39285291,96.39523542,0,1671.91339,1574.891452,87.22174191,514.5102753,30.25936599,5.216881594,94.19695193,1558.000004,1408.000004,110.0000003,316.0000009,21.4673913,90.37227214,7.060333761
"35",39049002200,3286.279,2425.758,773.6523,407.6708,58.00732763,73.81473089,23.54189343,2435.441279,1966.247076,441.3875079,1055.525062,45.13150274,18.12351264,80.73473553,1923.000002,1368.000001,493.0000005,747.0000008,38.56479091,71.13884555,25.63702548
"36",39049002300,3719.937,344.5856,3149.731,162.6832,40.32088528,9.26321064,84.67162213,2159.839452,231.7056403,1914.877756,662.6037957,29.93756532,88.65833773,10.72791036,2272.672683,221.7952181,2026.819265,1072.775417,45.94954645,9.759224005,89.18218974
"37",39049002510,5343,1385,3825,163,35.43478261,25.9217668,71.58899495,4026.999988,589.9999982,3398.99999,643.999998,16.32860041,84.40526446,14.65110504,3436.999989,522.9999984,2870.999991,511.9999984,15.08989095,15.2167588,83.53215013
"38",39049002520,4702,602,3827,95,13.64942529,12.80306253,81.39089749,4010.999986,492.9999983,3471.999988,1087.999996,30.1134791,86.56195462,12.2911992,3411.999988,360.9999988,2982.99999,1039.999996,33.71150729,10.58030481,87.42672919
"39",39049002600,5947.243,4109.516,1639.324,101.7363,20.71109597,69.09951384,27.56443616,5290.622878,2999.545719,2243.14643,1259.847799,25.36720991,42.39853192,56.69551182,4801.073472,2246.994282,2478.836534,1411.478699,30.37701288,46.80191409,51.63088106
"40",39049002710,2954,2845,26,166,23.68045649,96.31008802,0.880162492,4810.000068,2399.000034,2234.000032,1878.000027,39.50357594,46.44490644,49.87525988,4254.000061,1948.000028,2146.000031,1480.000021,35.03787879,45.79219558,50.44663846
"41",39049002730,2653,2546,11,41,11.5819209,95.96683,0.414624953,2132.000012,1980.000011,108.0000006,252.0000014,12.09793567,5.065666041,92.87054409,2156.000012,1604.000009,499.0000028,296.0000017,13.8901924,74.39703154,23.14471243
"42",39049002740,3846,3623,79,114,26.02739726,94.20176807,2.054082163,2453.999994,2350.999994,75.99999981,44.99999989,1.743510267,3.096984515,95.80277099,2352.999994,2086.999995,227.9999994,142.9999996,5.906650145,88.69528262,9.689757756
"43",39049002750,2924,2820,0,23,14.02439024,96.44322845,0,2511.999995,2203.999996,248.9999995,259.9999995,10.76604555,9.912420382,87.7388535,2605.999995,1779.999997,747.9999985,585.9999989,23.19873317,68.30391404,28.70299309
"44",39049002760,4173,3954,6,127,18.59443631,94.75197699,0.143781452,3447.00001,3236.000009,144.0000004,212.0000006,6.150275602,4.177545692,93.87873513,3297.000009,2771.000008,444.0000013,297.0000008,9.057639524,84.04610252,13.46678799
"45",39049002770,2550.407,2295.215,85.13491,60.71954,19.60947398,89.99406761,3.338091136,2199.120087,2032.677347,136.7231999,133.4415195,6.204712554,6.217177533,92.43139378,2022.524829,1566.187197,395.7530057,292.2379277,14.37282701,77.43722969,19.56727552
"46",39049002780,2935,2908,0,43,25.90361446,99.08006814,0,2610.00001,2292.000009,313.0000012,97.00000036,3.863002788,11.99233716,87.81609195,2433.000009,1890.000007,527.000002,81.0000003,3.606411398,77.68187423,21.66050144
"47",39049002800,5219.024,380.9274,4623.022,632.9274,54.15968414,7.298824455,88.58020197,3989.57048,203.7050048,3744.82841,1245.707292,32.50789609,93.86545316,5.10593824,3217.706806,205.6429162,2972.05192,1681.433256,52.68221574,6.390977444,92.36552921
"48",39049002900,2700.039,55.48704,2461.247,282.3894,63.61607429,2.055045872,91.1559796,2748.590109,152.5893571,2564.293872,1331.688935,48.66039102,93.29488104,5.551550108,2961.620705,155.5618771,2582.128992,2077.791441,70.27479893,5.25259284,87.18634995
"49",39049003000,6687.025,3608.615,2767.448,955.741,48.89936383,53.96443112,41.38533952,3688.503113,1907.887331,1706.621769,879.8204074,42.18588909,46.2686818,51.72524661,1632.761098,761.888977,815.8792525,726.8965944,47.64129005,46.66261206,49.96929762
"50",39049003200,2376.74,2228.234,32.29946,171.6858,14.07310258,93.7516935,1.35898163,2088.095192,1842.358668,210.7757163,377.7354056,20.5296655,10.09416224,88.23154595,1942.943589,1648.469313,197.5923557,396.5878417,23.85841301,84.84391013,10.16974228
"51",39049003600,3774.975,355.3853,3173.552,476.259,46.44190995,9.414242478,84.06815939,2547.4968,190.1126365,2336.378178,1094.179566,42.55156815,91.71270315,7.462723271,2009.238915,134.1110282,1846.120755,760.103411,36.94790911,6.674717836,91.88159463
"52",39049003700,7607,1286,6005,526,43.00899428,16.90548179,78.94044959,5171.000003,703.0000003,4416.000002,1860.000001,36.55660377,85.39934249,13.59504931,4522.000002,593.0000003,3823.000002,1855.000001,42.1686747,13.11366652,84.54223795
"53",39049003800,5055.534,1303.312,3585.801,381.2212,36.11365886,25.77990772,70.92823429,2785.999993,689.9999982,2056.999994,935.9999975,36.40606768,73.83345298,24.7666906,2631.999993,784.9999979,1790.999995,983.9999974,39.9026764,29.82522796,68.04711246
"54",39049004000,4054.806,3365.898,443.1042,909.5724,42.6228866,83.01008729,10.9278767,3087.000015,2349.000011,685.0000032,817.0000038,34.18410042,22.18982831,76.09329446,2709.000013,1764.000008,856.000004,524.0000025,26.61249365,65.11627907,31.59837578
"55",39049004200,3284.536,2794.221,365.3961,292.0025,51.7826375,85.07201626,11.1247403,2861.27793,2482.416309,360.9914863,1002.298986,37.08249576,12.61644255,86.75900661,2606.61047,1968.409309,536.7316472,1274.987405,51.51024771,75.51605168,20.59117208
"56",39049004300,5449.214,4552.962,713.1619,235.3387,41.21579021,83.55263713,13.08742692,3815.130872,3342.515537,449.3954539,1007.754492,28.15056926,11.77929327,87.61208067,4458.287528,3823.57635,413.2752155,1338.934957,32.13260832,85.76334134,9.269819698
"57",39049004500,8736.452,8077.093,441.9624,283.011,37.9628046,92.45278289,5.058831663,6338.487246,6038.339777,243.3590433,461.225268,8.170662672,3.83938681,95.26468293,6370.449906,5699.052908,510.250141,1088.000009,19.49196059,89.46076011,8.009640583
"58",39049004610,4563,4488,0,80,23.59882006,98.35634451,0,4004.999986,3948.999986,43.99999984,270.999999,6.786877035,1.098626717,98.60174782,3726.999987,3613.999987,77.99999972,160.9999994,4.326793873,96.96807083,2.092836061
"59",39049004620,3361,2986,211,113,38.17567568,88.84260637,6.277893484,3195.000024,2925.000022,245.0000018,400.000003,12.63024945,7.668231612,91.54929577,3109.000023,2697.00002,321.0000024,528.0000039,17.44301288,86.74815053,10.3248633
"60",39049004700,7267,3776,3170,267,35.83892617,51.96091922,43.62185221,6294.999955,3557.999974,2635.999981,1031.999993,16.5093585,41.87450357,56.52104845,6054.999956,3444.999975,2401.999983,1849.999987,31.00385453,56.89512799,39.66969447
"61",39049004810,3427.508,3395.247,0,65.50001,24.63235186,99.05876223,0,2957.276363,2921.104718,25.41791254,168.1492676,5.685950413,0.859504132,98.7768595,2900.574866,2756.865899,75.27612561,195.5224042,6.816632584,95.04550051,2.595214021
"62",39049004820,3428,2889,485,63,32.14285714,84.27654609,14.14819137,3161.000007,2712.000006,432.000001,569.0000013,18.13834874,13.66656121,85.79563429,2992.000007,2453.000006,459.0000011,451.0000011,15.13422819,81.98529412,15.34090909
"63",39049004900,8254.505,6926.611,1139.422,304.5234,36.12138129,83.91309957,13.80363813,6835.229268,5608.09949,1171.373683,966.3474991,15.2707685,17.13729909,82.04698438,6910.261554,5312.784006,1401.221417,1372.323195,21.18292591,76.88253136,20.27740059
"64",39049005000,6570.761,5851.949,529.046,406.3834,49.1630924,89.06044521,8.051517929,5755.631874,5255.628191,469.011874,1434.939685,28.93440966,8.148746901,91.31279252,4805.301612,4173.39195,518.257613,1899.049119,39.91967869,86.84973988,10.78512141
"65",39049005100,5211.878,3881.194,1134.314,160.3338,29.86386402,74.4682435,21.76401673,4381.456256,2948.708132,1389.075865,1718.378403,42.38629354,31.7035201,67.29972776,4580.734718,2836.88362,1579.326545,2712.286911,60.4646286,61.93075553,34.47758148
"66",39049005200,3545.967,3176.913,206.5263,290.0347,34.28874383,89.59228893,5.82425894,2639.047618,2456.408181,145.7425808,533.1595676,20.31634446,5.522544565,93.07934289,2424.123432,2210.121668,166.0358515,272.1143122,11.48306734,91.17199391,6.849315068
"67",39049005300,7734.834,1662.276,5840.598,565.7261,50.92410795,21.49077795,75.51032123,5197.772102,1135.541559,4005.799322,2243.766298,45.11637458,77.06762134,21.84669771,4493.571519,747.1075427,3627.944187,2361.783436,54.36558735,16.62614113,80.73631791
"68",39049005410,3760.676,477.779,3084.906,166.1396,44.17608896,12.70460417,82.03062428,2752.440857,295.4898653,2420.141661,987.4485608,36.54873473,87.92710858,10.7355573,2232.846896,149.3183747,2040.745371,836.4323498,38.29527649,6.687353932,91.39656528
"69",39049005420,4452.933,485.6303,3814.676,120.912,41.49658416,10.90585239,85.66659323,3470.770093,225.9667565,3218.044115,1024.779062,29.71264368,92.7184466,6.510565391,2937.567834,158.5731624,2745.297875,1024.779062,34.87352445,5.398110661,93.45479082
"70",39049005500,7770.231,3740.27,3730.419,173.0067,27.70777343,48.13589197,48.00911324,6702.405488,1602.297569,5012.508176,1714.818074,25.83566844,74.78670435,23.90630605,6055.078773,712.1649161,5233.514887,2211.832785,36.7675815,11.76144758,86.43182167
"71",39049005610,3666,2732,798,106,36.93379791,74.52264048,21.76759411,3072.000019,2103.000013,927.0000059,1130.000007,36.87989556,30.17578125,68.45703125,2864.000018,1558.00001,1227.000008,1043.000007,36.59649123,54.39944134,42.84217877
"72",39049005620,3693,3240,182,141,35.69620253,87.73354996,4.928242621,3272.999995,2972.999995,273.9999996,539.9999992,16.66666667,8.371524595,90.83409716,3152.999995,2528.999996,570.9999991,924.9999986,29.83870968,80.20932445,18.10973676
"73",39049005700,5787.297,5591.145,17.36953,303.3755,26.28498377,96.6106457,0.300131996,4239.187158,4147.243896,56.60742364,526.9866099,12.47912292,1.335336741,97.83111104,3740.720941,3577.259234,91.53338582,446.6664759,12.01752101,95.63020846,2.446945048
"74",39049005810,4424.577,4285.315,1.770419,168.9664,32.15953693,96.85253528,0.040013294,3551.023637,3483.393307,25.41449846,394.1686985,11.10416921,0.715694996,98.09546946,3080.332357,2921.611196,84.5976343,464.0346824,15.18855942,94.84727157,2.746380082
"75",39049005820,2752.876,2581.557,32.35218,90.43904,36.82635238,93.77672659,1.175213849,2416.854708,2376.414486,13.97025843,480.8710006,20.0921659,0.578034682,98.32674171,2287.445998,2210.977215,21.32302602,544.8400787,23.9186572,96.65702347,0.932176149
"76",39049005900,3693,3601,18,95,33.80782918,97.50880043,0.487408611,3338.000008,2669.000007,606.0000015,743.0000019,22.29891957,18.15458358,79.95805872,3227.000008,1726.000004,1425.000004,740.0000019,23.13222882,53.4862101,44.1586613
"77",39049006000,3631,2652,917,127,51.20967742,73.03773065,25.25475076,3115.000015,2129.00001,940.0000045,1068.000005,34.49612403,30.17656501,68.34670947,2966.000014,1935.000009,946.0000045,1101.000005,37.42352141,65.23937964,31.89480782
"78",39049006100,5047.321,4240.685,552.4012,184.1338,44.77273921,84.01853181,10.9444436,3957.47365,3597.618346,280.40673,1182.381712,30.0903901,7.085498347,90.90694379,3637.999982,3195.999985,333.9999984,1462.999993,40.35862069,87.85046729,9.180868609
"79",39049006220,475.2388,462.076,0,4.591679,36.14456475,97.23027665,0,640.3861665,635.4883755,1.683615638,25.40729054,3.977953511,0.26290631,99.23518164,5178.000042,4880.000039,53.00000043,24.00000019,0.460741025,94.24488219,1.023561221
"80",39049006230,1546.626,1503.788,0,14.94324,36.14456433,97.2302289,0,2084.084377,2068.144917,5.479189327,82.68594802,3.977953511,0.26290631,99.23518164,1524.000006,1496.000006,8.00000003,39.00000014,2.462121212,98.16272966,0.524934383
"81",39049006236,394.2944,383.3735,0,3.809608,36.14459706,97.23026754,0,531.31328,527.2496985,1.396856138,21.07982899,3.977953511,0.26290631,99.23518164,3212.205745,2937.726696,26.57423157,33.12678182,1.036564529,91.45512239,0.827289211
"82",39049006310,5975,5809,25,14,27.45098039,97.22175732,0.418410042,5126.999935,4972.999937,12.99999983,53.99999931,1.053247513,0.253559587,96.99629413,4511.999943,4328.999945,6.999999911,20.99999973,0.465425532,95.94414894,0.155141844
"83",39049006321,5507.951,5279.397,6.451655,72.01598,23.32975906,95.85047144,0.117133486,4938.474715,4804.647353,11.27994833,165.7586356,3.417937541,0.228409559,97.29010738,4459.85274,4256.830973,24.20941202,31.33523881,0.709997921,95.44779214,0.542829852
"84",39049006323,3073.707,2947.596,3.590636,39.84537,23.15422798,95.89710405,0.116817771,3665.159222,3586.450731,20.65242534,92.78351438,2.531791545,0.563479622,97.85252191,3376.355665,3264.841624,12.70183136,15.21987702,0.452272827,96.69720691,0.376199448
"85",39049006330,6130,6077,0,59,25.76419214,99.13539967,0,4970.000002,4883.000002,3.000000001,185.0000001,3.72983871,0.060362173,98.24949698,4851.000002,4746.000002,11.00000001,119.0000001,2.458677686,97.83549784,0.22675737
"86",39049006340,944,931,0,16,22.85714286,98.62288136,0,2640.000001,2549.000001,13,85.00000002,3.21969697,0.492424242,96.5530303,3241.000001,3024.000001,14,66.00000002,2.006688963,93.30453564,0.431965443
"87",39049006351,467.5508,462.7041,2.154116,8.077934,17.48251464,98.96338537,0.460723412,3386.000008,3278.000008,37.00000009,62.00000015,1.841401841,1.09273479,96.81039575,4056.00001,3797.000009,107.0000003,105.0000003,2.633559067,93.61439842,2.638067061
"88",39049006352,166.881,165.1511,0.7688597,2.883224,17.48251884,98.96339308,0.46072333,2571.000021,2461.00002,60.00000049,282.0000023,10.96849475,2.333722287,95.72150914,2581.000021,2310.000019,66.00000054,354.0000029,14.27995159,89.50019372,2.557148392
"89",39049006353,424.9301,417.9149,1.672261,6.997579,18.20393747,98.34909318,0.393537902,3126.629898,2997.616772,39.16536661,188.5090617,6.041416334,1.252638396,95.8737321,4312.409651,3963.34517,108.3605225,279.4506414,6.481211606,91.90558158,2.512760411
"90",39049006371,795.7533,787.5043,3.666221,13.74833,17.48251917,98.96337219,0.460723317,2159.55379,2068.278337,36.09080836,98.75486397,4.690945979,1.671215995,95.77341148,6166.271189,5586.119875,109.655291,185.4870938,3.049909086,90.59153749,1.778307954
"91",39049006372,489.7787,484.7016,2.256525,8.461969,17.48251845,98.96338898,0.460723384,1334.00317,1277.669712,22.23833278,60.9363322,4.686235228,1.667037476,95.77711212,3813.600204,3454.768446,67.79316319,114.5579287,3.045565006,90.59073476,1.777668333
"92",39049006383,1602.786,1554.167,2.746848,15.65704,54.80771318,96.96659442,0.171379585,2822.459499,2746.535097,14.86350718,45.79567078,1.622313932,0.526615428,97.30999146,12619.95307,11428.81222,303.9251128,251.735952,2.003126832,90.56144789,2.408290357
"93",39049006384,427.3778,414.4137,0.7324384,4.174899,54.80769647,96.9665949,0.171379608,752.5998342,732.3548344,3.963306841,12.21126973,1.622313932,0.526615428,97.30999146,3365.070184,3047.456281,81.04066075,67.12458769,2.003126832,90.56144789,2.408290357
"94",39049006386,715.4986,693.7946,1.226219,6.989447,54.8076718,96.96659085,0.17137965,1259.972095,1226.078738,6.635207448,20.44361214,1.622313932,0.526615428,97.30999146,4151.690079,3794.304464,77.28658443,77.28658443,1.874685455,91.3918041,1.861569215
"95",39049006387,663.9037,643.7648,1.137796,6.485435,54.80771262,96.9665932,0.171379674,1169.114995,1137.665702,6.156739941,18.96941495,1.622313932,0.526615428,97.30999146,3852.310156,3520.695751,71.71341994,71.71341994,1.874685455,91.3918041,1.861569215
"96",39049006391,1133.998,1099.599,1.943441,11.07761,54.80769136,96.96657313,0.171379579,4154.000048,4079.000047,6.000000069,67.00000077,1.586925628,0.144439095,98.19451131,4226.780975,4052.827112,40.12235429,61.04244999,1.367235143,95.88448364,0.949241386
"97",39049006392,711.1573,689.5849,1.218779,6.947038,54.80768108,96.96657828,0.171379665,2752.000017,2631.000016,38.00000023,81.00000049,2.98562477,1.380813953,95.60319767,4706.219101,4325.172959,48.87764644,16.95755081,0.363947763,91.90334888,1.038575668
"98",39049006393,381.7267,370.1474,0.6542018,3.72895,54.80768623,96.9665994,0.171379628,672.2095839,654.1270887,3.53995938,10.90690187,1.622313932,0.526615428,97.30999146,3005.624645,2721.937197,72.38416849,59.9545638,2.003126832,90.56144789,2.408290357
"99",39049006394,198.5521,192.5292,0.3402778,1.939584,54.80770943,96.96658963,0.171379603,349.6444106,340.2389461,1.841281411,5.67313732,1.622313932,0.526615428,97.30999146,1563.351494,1415.793749,37.65004329,31.18488434,2.003126832,90.56144789,2.408290357
"100",39049006395,1054.672,1043.739,4.859118,18.22169,17.48251191,98.9633744,0.460723144,1418.971511,1344.209039,40.41214699,84.86550868,5.985037406,2.847988608,94.73122108,2685.387168,2441.903982,55.06155027,128.3085667,4.931081343,90.93303236,2.050413845
"101",39049006396,1024.569,1013.948,4.72043,17.70161,17.48251907,98.96336899,0.460723485,1378.471526,1305.842909,39.25871203,82.44329527,5.985037406,2.847988608,94.73122108,2608.741415,2372.207675,53.48999515,124.6464107,4.931081343,90.93303236,2.050413845
"102",39049006410,2859,2730,0,11,6.962025316,95.48793284,0,2724.999985,2668.999986,11.99999994,46.99999975,1.732399558,0.440366972,97.94495413,2678.999986,2577.999986,16.99999991,45.99999975,1.708132195,96.22993654,0.634565136
"103",39049006430,5528,5389,0,63,15.94936709,97.48552822,0,4468.99995,4421.999951,7.999999911,80.9999991,1.821452665,0.179010964,98.94831058,4311.999952,4180.999954,5.999999933,79.99999911,1.860032551,96.9619666,0.139146568
"104",39049006500,3907,3852,0,42,15.90909091,98.59227028,0,3463.999997,3454.999997,1.999999998,66.99999995,1.934180139,0.057736721,99.74018476,3426.999997,3349.999997,2.999999998,49.99999996,1.459002043,97.75313685,0.087540123
"105",39049006600,5147.572,5009.935,6.324696,57.73589,10.15255234,97.3261763,0.122867558,4287.110627,4248.582446,13.35964071,111.2106891,2.688135367,0.311623419,99.10130192,3985.579983,3911.835956,6.433628864,48.36052302,1.269815384,98.14972909,0.161422651
"106",39049006710,4066.315,3847.546,141.5018,61.44157,26.61289792,94.61996919,3.479853381,2554.480005,2405.530734,125.6759478,92.16236171,3.771428571,4.919825073,94.16909621,2658.744495,2462.317644,144.2946067,171.2916622,6.652205351,92.61204482,5.427170868
"107",39049006721,2783.448,2723.907,7.695796,14.98655,36.63366433,97.86089052,0.276484274,4258.999991,4131.999991,27.99999994,38.99999992,0.92395167,0.657431322,97.01807936,3735.999992,3472.999992,42.99999991,35.99999992,0.979325354,92.96038544,1.150963597
"108",39049006722,4088.552,4001.094,11.3042,22.01345,36.63366271,97.86090528,0.276484193,3406.000044,3288.000043,68.00000088,180.0000023,5.672864797,1.996476806,96.53552554,3130.000041,2929.000038,99.00000128,69.00000089,2.421902422,93.57827476,3.162939297
"109",39049006810,3798.364,3737.623,10.95725,25.42154,19.23606718,98.40086416,0.288472879,2876.97189,2819.43729,20.63248974,60.20705606,2.098719851,0.717159935,98.00016816,2767.620749,2669.978944,36.36135334,70.88875481,2.581898453,96.47199477,1.313812716
"110",39049006821,3342.382,3269.076,11.59905,101.6077,23.72698937,97.80677373,0.347029454,3536.969367,3359.539161,72.71729785,384.9168966,11.12356402,2.055921053,94.98355263,3406.078231,3116.178604,149.3128516,272.4474759,8.756622001,91.48875605,4.38371762
"111",39049006822,2472.507,2418.582,8.470662,74.36119,23.70772188,97.81901527,0.342594055,2227.57876,2200.492831,9.974269271,60.71369642,2.577883872,0.447762811,98.78406416,1954.556553,1894.524827,15.03119498,98.37211615,5.17719952,96.92862685,0.769033516
"112",39049006910,1864,1825,0,9,8.333333333,97.90772532,0,1680.000015,1656.000015,9.000000083,30.00000028,1.767825575,0.535714286,98.57142857,1528.000014,1473.000014,5.000000046,6.000000055,0.380469245,96.40052356,0.327225131
"113",39049006921,3629,3600,0,39,9.677419355,99.20088179,0,3765.000037,3587.000035,126.0000012,221.0000022,5.883919063,3.346613546,95.27224436,3681.000036,3400.000033,165.0000016,295.0000029,8.029395754,92.36620484,4.482477588
"114",39049006923,5286.034,5092.463,18.97745,55.84793,29.17846388,96.33806744,0.359011123,3834.060645,3765.160996,48.7881551,149.6954996,3.915747485,1.272493046,98.2029588,3494.457704,3272.208284,170.3434209,172.4466791,4.934862393,93.63994533,4.874673994
"115",39049006924,4462.967,4299.537,16.02255,47.15208,29.17846594,96.3380863,0.359011169,4325.939127,4122.838787,145.2118373,88.30449567,2.044989775,3.356770243,95.30505784,3662.542195,3334.791624,236.6565726,176.5533161,4.820512821,91.05128205,6.461538462
"116",39049006931,2546.431,2479.117,8.208997,29.55239,19.23077273,97.35653548,0.322372646,5910.000031,5253.000028,500.0000026,372.000002,6.57708628,8.460236887,88.88324873,5866.000031,4952.000026,739.0000039,392.0000021,6.985032074,84.41868394,12.5980225
"117",39049006932,3244.304,3158.542,10.45875,37.6515,19.23076923,97.35653626,0.322372688,5563.00002,5228.000019,244.0000009,56.0000002,1.007737988,4.386122596,93.97806939,5724.000021,4829.000017,687.0000025,219.0000008,3.828002098,84.36408106,12.00209644
"118",39049006933,1964.265,1912.34,6.332252,22.79611,19.23076469,97.35651758,0.322372592,4271.000017,3527.000014,658.0000026,423.0000017,9.934241428,15.40622805,82.58019199,4552.000018,2971.000012,1413.000006,383.0000015,8.445424476,65.26801406,31.04130053
"119",39049006942,388.5679,384.1467,1.808695,1.406763,18.18182171,98.86218084,0.465477205,1201.000002,1128.000002,46.00000009,67.00000012,5.532617671,3.830141549,93.92173189,1311.000002,1178.000002,112.0000002,27.00000005,2.16,89.85507246,8.543096873
"120",39049006943,1674.082,1655.034,7.792468,6.060809,18.18181791,98.86218238,0.465477079,5276.999981,5098.999981,109.9999996,199.9999993,3.803004373,2.084517718,96.62687133,4818.999982,4413.999984,293.9999989,243.9999991,5.059091852,91.59576676,6.100850799
"121",39049006944,2359.293,2332.448,10.98197,8.541532,18.1818205,98.86215913,0.465477158,4937.114718,4705.628719,148.4259811,54.46696831,1.103459982,3.006330408,95.3113101,4534.152394,4142.988632,265.8446427,111.6953292,2.468897081,91.37294628,5.863160731
"122",39049006945,1828.855,1808.045,8.512899,6.621144,18.18181918,98.86212958,0.465476979,3488.885163,3157.371175,290.5740075,318.5330186,9.308433032,8.328563251,90.49799657,4878.847425,4085.011219,576.1553345,474.3046515,9.795834193,83.72902169,11.80925092
"123",39049006950,2602,2484,0,0,0,95.4650269,0,2355.999984,2323.999985,5.99999996,46.99999969,1.915240424,0.25466893,98.6417657,2124.999986,2044.999986,9.999999933,29.9999998,1.395998139,96.23529412,0.470588235
"124",39049006990,656.8169,578.8951,54.51179,9.363988,34.56790069,88.1364502,8.299389069,2203.149854,2067.739743,108.7384221,87.1959045,4.122211445,4.935589011,93.85379482,7282.396777,6655.612099,338.1833316,204.141,2.859195402,91.39315397,4.643846551
"125",39049007010,3689.915,3645.807,7.463607,178.1857,44.1614038,98.80463371,0.202270432,3703.968542,3607.982156,61.2157968,186.1376842,6.331219187,1.652708334,97.40855286,3740.900534,3550.101149,117.8744344,304.6532417,11.07007438,94.89964026,3.150964142
"126",39049007020,5530.968,5471.734,20.12126,69.48151,32.70590788,98.92904822,0.363792739,6362.405299,6298.018493,30.35215519,271.6036544,4.402909499,0.477054726,98.98801155,6552.34073,6383.119347,77.13677037,144.3535165,2.233125015,97.41739037,1.177239914
"127",39049007041,145.689,128.4051,12.0913,2.077033,34.5678998,88.13644132,8.299391169,488.6823276,458.646909,24.11935126,19.34098922,4.122211445,4.935589011,93.85379482,1615.313911,1476.28633,75.01269936,45.28066888,2.859195402,91.39315397,4.643846551
"128",39049007043,232.2903,204.7325,19.27868,3.311675,34.56790368,88.13648267,8.299390891,779.1676799,731.2784356,38.45651439,30.83777097,4.122211445,4.935589011,93.85379482,2575.498072,2353.828919,119.6021784,72.19666381,2.859195402,91.39315397,4.643846551
"129",39049007044,359.1469,316.5393,29.807,5.12022,34.56788957,88.13644222,8.29938947,1204.680571,1130.638431,59.45808189,47.67865057,4.122211445,4.935589011,93.85379482,3982.008711,3639.283352,184.9183742,111.6241349,2.859195402,91.39315397,4.643846551
"130",39049007047,213.7903,188.4272,17.74328,3.047926,34.56789927,88.13645895,8.299384958,717.1131665,673.0379199,35.39375865,28.38178759,4.122211445,4.935589011,93.85379482,2370.380119,2166.365152,110.0768154,66.44677331,2.859195402,91.39315397,4.643846551
"131",39049007048,313.0301,275.8936,25.97958,4.46275,34.56789645,88.13644439,8.299387184,1049.991717,985.457072,51.82327582,41.55640042,4.122211445,4.935589011,93.85379482,3470.692784,3171.975599,161.1736471,97.29086687,2.859195402,91.39315397,4.643846551
"132",39049007112,1008.376,976.0604,0,4.078684,17.33333277,96.79528271,0,3008.820252,2872.687021,108.9095987,177.604174,6.066395992,3.619677799,95.47552794,3136.999965,2880.999968,176.999998,36.99999959,1.208360549,91.83933695,5.64233344
"133",39049007113,695.6149,673.3223,0,2.813626,17.33333087,96.79526704,0,3066.105914,2792.18579,241.9294526,376.8900977,12.29615134,7.890446691,91.06618846,3628.941789,3096.097168,410.8801861,304.911087,8.418437759,85.31680441,11.32231405
"134",39049007114,1045.576,1012.491,0.001479428,4.274865,17.76797656,96.83571543,0.000141494,3892.731197,3778.799921,86.19103714,142.3924467,3.751332532,2.214153323,97.07323033,5638.136916,5041.315992,441.9857481,310.2771695,5.695899128,89.41457199,7.839216299
"135",39049007115,512.899,496.6641,0.006280404,2.058371,17.37219852,96.83467895,0.001224491,1840.902833,1786.293399,42.25389241,68.16255577,3.800396652,2.295280971,97.03355155,2667.191079,2385.364115,208.6045969,146.4590261,5.682785374,89.43356679,7.821134324
"136",39049007120,4376.616,4332.667,2.99224,9.982063,22.21724329,98.99582234,0.068368804,5827.024329,5697.149109,88.9335173,144.8890465,2.489136564,1.526225262,97.77115707,5279.672513,4992.320348,155.4096936,118.2638315,2.249909331,94.55738658,2.94354798
"137",39049007132,327.2151,260.3647,54.09604,11.43493,36.61970072,79.56989149,16.53225661,1467.629983,1285.110821,152.1726024,65.09117097,4.399524376,10.36859455,87.56367995,3839.499477,3308.654589,403.3013769,110.3911075,2.839045357,86.17411226,10.50400916
"138",39049007193,679.4689,664.1902,0,3.605065,34.42621464,97.75137611,0,4228.566961,4132.587225,39.57458322,121.9079115,2.913993694,0.935886403,97.73020654,6750.291619,6519.315282,87.99229699,56.99868991,0.822937005,96.57827617,1.303533269
"139",39049007194,765.2888,748.0804,0,4.0604,34.42621561,97.75138484,0,4762.653968,4654.55156,44.5730309,137.3054285,2.913993694,0.935886403,97.73020654,6805.70853,6560.684862,121.0077052,156.0013122,2.38725818,96.39973315,1.778032437
"140",39049007198,260.6166,254.7564,0,1.382756,34.42622053,97.75140954,0,363.2328627,345.2155888,12.70448804,28.98933181,8.078532346,3.497615262,95.03974563,807.4279629,752.2211876,34.53310841,23.33005986,2.896472613,93.16263768,4.276927478
"141",39049007199,265.1653,211.0267,43.80427,9.26026,36.6161028,79.58307516,16.51960871,1189.307608,1041.432824,123.2923262,52.81748673,4.405411495,10.36673148,87.56631312,3110.093242,2680.086169,326.6931388,89.47812381,2.840916371,86.17382055,10.5042876
"142",39049007201,269.2703,263.3755,0.6574211,2.558412,31.57414595,97.81082429,0.244149132,341.0438974,337.8299114,2.047468897,12.66965613,3.742111382,0.600353477,99.05760344,331.3622704,326.1615998,2.499588344,10.85264862,3.322573363,98.43051818,0.754337041
"143",39049007202,151.5473,120.586,25.0542,5.296009,36.61971432,79.56987686,16.53226418,679.7223393,595.1898937,70.4776534,30.1465107,4.399524376,10.36859455,87.56367995,1778.236746,1532.37973,186.7861508,51.12685261,2.839045357,86.17411226,10.50400916
"144",39049007203,550.6628,538.6078,1.344439,5.232001,31.57415096,97.81081998,0.244149233,697.441194,690.8685322,4.18711246,25.90968544,3.742111382,0.600353477,99.05760344,677.6420846,667.0066152,5.111705246,22.19387084,3.322573363,98.43051818,0.754337041
"145",39049007205,85.78191,83.90399,0.2094358,0.8150378,31.57414,97.81082049,0.244149145,108.6469552,107.62307,0.652265773,4.036194675,3.742111382,0.600353477,99.05760344,105.5626622,103.9058754,0.796298262,3.457347389,3.322573363,98.43051818,0.754337041
"146",39049007207,469.2164,458.9444,1.145588,4.458156,31.57414778,97.81081821,0.244149181,594.2853677,588.6848428,3.567812869,22.0774842,3.742111382,0.600353477,99.05760344,577.4146679,568.3522496,4.355652717,18.91126135,3.322573363,98.43051818,0.754337041
"147",39049007209,312.213,305.3781,0.7622654,2.966423,31.57414363,97.81082146,0.244149155,395.4329442,391.7063977,2.37399543,14.69018934,3.742111382,0.600353477,99.05760344,384.2073094,378.1772455,2.898218047,12.58340885,3.322573363,98.43051818,0.754337041
"148",39049007210,2012.07,1968.022,4.91245,19.11723,31.57413598,97.81081175,0.24414906,2548.383804,2524.367923,15.29931078,94.6715269,3.742111382,0.600353477,99.05760344,2476.039741,2437.178748,18.67768491,81.09429369,3.322573363,98.43051818,0.754337041
"149",39049007393,1432.427,1382.124,25.55053,13.97295,31.25000699,96.48826781,1.78372301,2045.240165,1973.379296,53.49642438,40.32193181,1.999604039,2.61565489,96.48643373,2734.705276,2602.960351,74.25623086,45.11265638,1.686818928,95.18248175,2.715328467
"150",39049007394,424.1815,409.2855,7.566225,4.137779,31.25000661,96.48829569,1.783723477,605.6526717,584.3726637,15.84178372,11.94044892,1.999604039,2.61565489,96.48643373,809.8225261,770.8091781,21.98934158,13.35911612,1.686818928,95.18248175,2.715328467
"151",39049007395,1254.796,1210.732,22.3821,12.24021,31.2500016,96.48835349,1.783724207,1791.617023,1728.667372,46.86251827,35.32174884,1.999604039,2.61565489,96.48643373,2395.583956,2280.176262,65.04797312,39.51839227,1.686818928,95.18248175,2.715328467
"152",39049007396,476.5956,459.8589,8.501147,4.649065,31.2499958,96.48828063,1.78372335,680.4902652,656.5807887,17.79927689,13.41587288,1.999604039,2.61565489,96.48643373,909.8884084,866.0543683,24.70645897,15.00983798,1.686818928,95.18248175,2.715328467
"153",39049007424,5469.61,5320.501,26.40702,45.59339,38.61483906,97.27386413,0.4827953,6055.08126,5836.509647,153.6031664,328.6561685,5.41903586,2.53676474,96.39027778,5323.345274,4997.306458,247.4242442,328.3934753,6.216723287,93.8753021,4.647909001
"154",39049007425,3394.51,3302.06,16.31716,28.28362,38.60850269,97.27648468,0.480692648,2702.096846,2624.766643,60.62334505,122.0871455,4.604782889,2.2435667,97.13814092,2898.344162,2679.461674,170.5237946,85.42403747,3.035594573,92.44801599,5.883490196
"155",39049007426,1031.66,1023.252,3.923789,7.55775,24.78041817,99.18500281,0.380337417,1715.140412,1654.107197,53.74685324,48.70456172,2.828986349,3.13367074,96.44150333,2037.862789,1891.848419,108.1852757,29.70492499,1.461870772,92.83492633,5.308761525
"156",39049007427,2654.486,2632.887,10.07941,19.43887,24.77064477,99.18632082,0.379712306,4411.903396,4254.952524,138.2319602,125.2727139,2.828808324,3.133159269,96.44255875,5238.415324,4863.317141,277.9038366,76.31556135,1.461061337,92.83947224,5.305112699
"157",39049007492,794.9528,759.8483,13.66118,10.7788,54.15342197,95.58407744,1.71848945,1741.901851,1653.142329,65.94226553,61.42342592,3.377762637,3.785647594,94.90444756,4286.215115,3830.494851,347.659363,93.29139932,2.187785251,89.36776966,8.111103939
"158",39049007494,242.6921,225.9102,8.606104,5.163662,70.58823369,93.0851066,3.54609977,1031.871864,972.9200523,43.46082498,33.56380543,3.064833006,4.211843203,94.28690575,2934.681449,2613.243466,244.8436576,61.53364329,2.102322846,89.04692082,8.343108504
"159",39049007511,3821.642,1562.124,2152.478,89.27759,43.80735334,40.87572829,56.32338142,2480.999965,470.9999934,1992.999972,750.9999895,31.52812762,80.33051189,18.98428053,2480.999965,438.9999939,2012.999972,826.9999884,33.75510204,17.69447803,81.13663845
"160",39049007512,4354.213,1779.816,2452.44,101.719,43.80733026,40.87572197,56.32338152,5229.824677,685.9770035,4498.849182,1016.965907,19.43064578,86.02294455,13.1166348,4671.843382,389.9869262,4247.857596,987.9668796,21.25188213,8.34760274,90.92465753
"161",39049007520,3929.921,3708.406,124.6024,54.38995,40.1459916,94.3633727,3.170608264,3833.997209,2027.261872,1765.201191,666.5241472,17.93507185,46.04075316,52.875935,3533.369107,1424.027852,2050.99567,862.3279768,25.26803825,40.302267,58.04645956
"162",39049007531,953.0811,923.8455,1.113738,14.20016,27.12766882,96.93251708,0.116856582,2537.804223,2195.653509,310.5003124,177.7090814,7.223813928,12.23499865,86.5178444,2654.586806,2031.704156,549.5818466,359.3946915,14.48871899,76.53560815,20.70310323
"163",39049007532,401.335,389.0241,0.4689863,5.979576,27.12765784,96.93251274,0.116856566,1977.195772,1201.346493,749.4996806,231.2909171,11.64047151,37.90720632,60.76011846,2049.413189,879.2958493,1117.418144,380.6053066,17.88990826,42.9047619,54.52380952
"164",39049007533,1023.88,992.4727,1.196471,15.255,27.12764879,96.93252139,0.116856565,1544.000025,608.0000097,915.0000145,166.0000026,10.74433657,59.26165803,39.37823834,1881.00003,394.0000063,1437.000023,341.0000054,17.8440607,20.94630516,76.39553429
"165",39049007534,1044.704,1012.658,1.220805,15.56526,27.12765067,96.93252826,0.116856545,3434.999997,1907.999998,1482.999999,980.999999,29.15304606,43.17321689,55.54585153,2805.999997,1179.999999,1568.999998,1164.999999,41.25354108,42.05274412,55.91589451
"166",39049007550,1297.876,1040.477,230.3625,46.64981,40.56085501,80.16767395,17.74919176,2264.065275,751.7793929,1455.232166,307.2009169,15.64779278,64.275186,33.20484623,2232.169657,658.6013947,1495.549452,332.8226999,17.10372277,29.50498823,66.99981103
"167",39049007551,1430.246,1141.909,258.5886,52.17539,40.56938226,79.8400415,18.08000861,3454.286593,393.9252323,3001.71027,720.4454804,20.96281202,86.89812468,11.40395337,3267.828649,328.2710269,2857.271018,1355.102799,41.90579318,10.04553978,87.43637825
"168",39049007710,5772.043,5662.989,0.000953147,59.0336,28.22433705,98.11065164,1.65132e-05,5015.045391,4716.958601,238.0746183,435.1497659,8.623624411,4.747207647,94.05614971,4683.867047,3919.645309,668.1709339,531.183106,11.17137425,83.6839575,14.26536934
"169",39049007721,4713.95,4588.062,2.198927,77.51218,21.20300341,97.32945831,0.046647228,4815.000034,3890.000027,828.0000058,413.0000029,8.496194199,17.19626168,80.78920042,5398.000038,3725.000026,1472.00001,673.0000047,12.36223365,69.00703964,27.26935902
"170",39049007722,3859.007,3755.95,1.80012,63.45422,21.20300772,97.32944252,0.046647233,3862.954585,3699.041376,140.9253807,282.8502322,7.416142558,3.648124191,95.75679172,3526.132931,3107.354672,322.8290637,345.8168917,9.849131796,88.12358277,9.155328798
"171",39049007730,4506,4348,0,25,19.08396947,96.49356414,0,3365.999995,3272.999995,60.9999999,90.99999985,2.683574167,1.812240048,97.23707665,2940.999995,2663.999996,189.9999997,123.9999998,4.278812974,90.58143489,6.460387623
"172",39049007740,1751.674,1677.898,3.987874,0,0,95.7882574,0.227660741,1488.474058,1474.516499,0.996968559,10.96665415,0.747790619,0.066979236,99.06229069,1793.546437,1738.713167,31.90299388,73.77567336,4.319906597,96.94274597,1.778765981
"173",39049007811,5471.57,5388.205,5.436296,37.14978,12.85336764,98.47639709,0.099355322,4325.466994,4148.792152,42.5818478,118.6940209,2.758522209,0.984445098,95.91547359,3825.126374,3624.379588,55.40774522,174.395328,4.574414945,94.7518914,1.448520645
"174",39049007812,2237.676,2172.664,0.03044319,7.668229,13.54616919,97.09466429,0.001360482,3700.436014,3539.713614,53.54329225,139.7843012,4.133588672,1.446945496,95.65666317,3742.443237,3461.30081,119.4030001,360.3084182,10.53278061,92.48773035,3.190509316
"175",39049007820,4566.338,4248.006,83.10769,91.65395,11.10736303,93.02872455,1.820007411,3931.65711,2855.447561,274.7371463,1231.999788,31.7928398,6.987820622,72.62707508,3976.363803,2425.24318,304.0018844,1431.409676,36.12453954,60.99148116,7.645223109
"176",39049007830,2479.852,2375.601,24.94398,81.24423,11.39507025,95.79607977,1.005865673,2583.41756,2476.586771,70.2369879,429.7691439,16.50737794,2.718762503,95.86474948,2651.736524,2424.294021,71.35856865,424.0244328,16.10425426,91.42288455,2.691012776
"177",39049007921,1813.157,1732.348,0,14.59055,24.29905935,95.54318793,0,1602.155119,1598.226892,0.561175173,125.1420636,7.802659202,0.03502627,99.75481611,3053.354116,2978.156643,23.00818209,148.1502457,4.814004376,97.53721742,0.753537953
"178",39049007922,1417.843,1354.652,0,11.40945,24.29907836,95.54315957,0,1252.844876,1249.773103,0.438824825,97.85793606,7.802659202,0.03502627,99.75481611,2387.645875,2328.843348,17.99181784,115.8497539,4.814004376,97.53721742,0.753537953
"179",39049007931,1413.088,1351.106,19.84548,8.846779,49.77580915,95.61371974,1.404405104,1436.145954,1419.314815,9.821577049,43.1814134,3.087567129,0.683884324,98.82803417,1581.350256,1544.982372,8.086523949,57.53363129,3.72677131,97.70020062,0.511368302
"180",39049007933,1923.26,1839.142,27.16587,12.1108,49.9989266,95.62628038,1.412490771,1952.817786,1929.904155,13.42117382,58.92048536,3.098738595,0.687272203,98.82663756,2133.645655,2085.192971,10.80667392,78.2361227,3.756078775,97.72911289,0.50648869
"181",39049007941,299.1908,288.7582,0,4.471095,36.36364006,96.51306123,0,935.5766239,918.8100178,11.92291994,41.35762854,4.3393276,1.274392672,98.2078853,1935.611534,1857.739963,36.51394231,72.65529338,3.682024169,95.97690087,1.886429259
"182",39049007951,1610.196,1504.497,0,0,0,93.43564386,0,1915.14522,1896.51619,3.644810103,28.34852302,1.487778959,0.190315077,99.02727849,4535.358705,4340.968833,38.87797443,76.94599106,1.734209566,95.71390303,0.857219395
"183",39049007952,2357.68,2202.913,0,0,0,93.43562315,0,2804.192413,2776.915431,5.336800956,41.50845188,1.487778959,0.190315077,99.02727849,6640.759322,6356.129938,56.92587686,112.665798,1.734209566,95.71390303,0.857219395
"184",39049007953,256.0045,247.0778,0,3.825721,36.36364587,96.51306911,0,800.5320767,786.1856237,10.20192212,35.38791737,4.3393276,1.274392672,98.2078853,1656.218295,1589.586991,31.24338651,62.16796295,3.682024169,95.97690087,1.886429259
"185",39049007954,247.7573,239.1182,0,3.702475,36.36362297,96.51307953,0,774.7429659,760.8586833,9.873267586,34.24789694,4.3393276,1.274392672,98.2078853,1602.863285,1538.378506,30.23688198,60.16522435,3.682024169,95.97690087,1.886429259
"186",39049008000,1013,995,0,0,0,98.2230997,0,2505.000004,2473.000004,18.00000003,160.0000002,6.397441024,0.718562874,98.72255489,2839.000004,2803.000004,12.00000002,61.00000009,2.089756766,98.73194787,0.422684044
"187",39049008110,5575,5499,0,58,14.79591837,98.6367713,0,4595.000009,4544.000009,35.00000007,250.0000005,5.45970736,0.761697497,98.89009793,4606.000009,4381.000008,143.0000003,669.0000013,14.56881533,95.1150673,3.104646114
"188",39049008120,5647.678,5465.511,17,64.10579,21.84822343,96.77447971,0.301008662,4445.952899,4380.32709,43.36968822,317.9242594,7.178782266,0.975486903,98.52392029,4058.790288,3881.650027,97.51109497,291.5021692,7.204736515,95.635639,2.402466943
"189",39049008132,188.7889,179.9543,0,2.272799,31.79487818,95.32038165,0,2974.093918,2803.618532,139.0860824,186.1873909,6.276300148,4.67658676,94.26798916,4541.543517,4229.804491,204.0377053,212.7219202,4.623874898,93.13583533,4.49269515
"190",39049008141,604.0315,575.7652,0,7.271835,31.79486339,95.32039306,0,1238.024114,1222.548813,5.67427719,33.52981976,2.747252747,0.458333333,98.75,1389.682068,1356.668092,13.4119279,40.75162709,2.891654466,97.62435041,0.965107647
"191",39049008142,566.9275,540.3975,0,6.825147,31.79486905,95.32038929,0,1161.975715,1147.451018,5.325722026,31.47017561,2.747252747,0.458333333,98.75,1304.31774,1273.331721,12.58807024,38.24836728,2.891654466,97.62435041,0.965107647
"192",39049008161,1278.019,1218.525,0.4635681,15.21487,31.78380644,95.34482664,0.036272395,1706.835789,1665.333658,35.42433984,134.7998829,7.95291337,2.075439246,97.56847547,2715.870335,2593.802387,84.09227683,229.5160052,8.780124973,95.50538379,3.096328854
"193",39049008162,2471.373,2353.664,0.5096201,29.57099,31.60735045,95.237101,0.02062093,3313.803807,3269.461214,34.26653204,228.9257843,6.958994329,1.034054339,98.66188235,5360.66657,5149.161427,140.3310664,402.7718038,7.813792509,96.05449918,2.617791363
"194",39049008163,64.91122,61.87363,0,0.7814555,31.79486647,95.32039299,0,1023.810882,965.1210867,47.88342071,64.09298336,6.276226966,4.676979072,94.26751592,1563.38437,1456.065887,70.24143816,73.22250716,4.623529412,93.13550232,4.492909069
"195",39049008164,94.89004,90.44955,0,1.142366,31.7948835,95.32038347,0,1496.651113,1410.855826,69.99805933,93.69390043,6.276226966,4.676979072,94.26751592,2285.423019,2128.540209,102.6819781,107.0398339,4.623529412,93.13550232,4.492909069
"196",39049008210,2747,2600,29,75,25.25252525,94.64870768,1.055697124,2561.999982,2315.999984,180.9999987,312.9999978,12.28414443,7.06479313,90.39812646,2273.999984,1957.999986,219.9999985,394.9999972,17.82490975,86.10378188,9.674582234
"197",39049008230,1371.322,1341.489,0,18.89421,7.48031362,97.82450803,0,3385.047101,3094.672908,244.6303134,165.0757399,4.69988675,7.226792009,91.42185664,3713.209717,3152.349974,448.4889079,625.4978339,16.69320594,84.89555437,12.07820032
"198",39049008241,1214.876,1200.663,0,20.96452,39.86486898,98.83008636,0,2046.885435,1957.042844,59.3300126,184.3468249,9.183027232,2.898550725,95.61076605,2597.80698,2447.36302,88.1474473,281.8175599,10.96997691,94.20880914,3.39314845
"199",39049008242,1546.836,1528.739,0,26.69299,39.86486295,98.83006343,0,2606.188596,2491.796881,75.54169842,234.7188487,9.183027232,2.898550725,95.61076605,3307.647224,3116.09506,112.2333805,358.8230675,10.96997691,94.20880914,3.39314845
"200",39049008311,4611,4465,78,51,20.56451613,96.83365864,1.691607027,4292.999961,3969.999964,259.9999977,877.9999921,20.45189844,6.056370836,92.47612392,4043.999964,3770.999966,168.9999985,888.999992,21.97775031,93.24925816,4.179030663
"201",39049008312,5847.644,5206.914,381.669,92.9453,23.38308308,89.04293763,6.526885016,5084.305612,4641.332272,409.3548275,997.6787947,19.82707801,8.05134189,91.2874368,4739.22147,4120.245329,419.2426253,839.4740304,17.81741868,86.93928646,8.846234091
"202",39049008321,3370.849,3306.839,8.331027,47.5547,28.0393113,98.10107187,0.24714922,2783.418235,2708.563197,63.22728137,199.1719877,7.17523947,2.271569561,97.31067946,2451.203857,2332.888934,74.48126997,122.0036062,4.925158451,95.17319122,3.038558779
"203",39049008322,5139.607,5021.708,4.99573,60.94791,16.48648846,97.70606974,0.097200623,4966.75501,4759.931778,162.860806,424.6370708,8.50170034,3.279018306,95.83584792,4757.933485,4396.242616,293.7489384,517.5576534,11.0992072,92.39815204,6.173876522
"204",39049008330,2831.036,2750.758,2.393989,30.40367,25.28546253,97.16435962,0.084562295,2032.568891,2015.436605,4.048089038,193.522988,9.629749762,0.199161222,99.1571117,1950.896533,1898.761578,22.77443514,139.8553323,7.048980901,97.3276412,1.167383034
"205",39049008340,3631.99,3588.051,0,38.94628,32.77310514,98.79022244,0,3810.743582,3650.963977,133.8154193,636.1225528,17.12826029,3.511530398,95.80712788,4171.246316,3666.941937,421.4187085,455.3718745,12.12121212,87.90998324,10.1029447
"206",39049008350,992.9615,958.1514,17.32557,5.563254,30.70174257,96.49431524,1.744838043,3144.855188,2404.660099,697.3416892,848.3025297,26.9826518,22.17404769,76.46330133,3394.795566,2702.887332,574.9796077,1206.007648,35.8826912,79.61855964,16.93709081
"207",39049008360,962.2971,928.562,16.79052,5.391451,30.70174759,96.49431553,1.744837431,5093.288371,4889.280047,182.0063592,115.0145941,2.290999311,3.573454828,95.99456562,5072.30615,4778.294117,224.0072382,426.0136303,8.808670048,94.20358265,4.416279924
"208",39049008370,1516.432,1463.315,26.42531,8.506065,30.70651889,96.49723825,1.742597756,3035.286595,2947.63731,66.9742828,153.8232808,5.208038485,2.206522538,97.11232262,3232.38574,3100.802773,80.44924013,152.2694771,4.821548731,95.92923068,2.488850236
"209",39049008380,2647.872,2555.046,46.20106,14.8352,30.70175166,96.49431695,1.744837364,1795.042593,1665.853922,118.5038941,65.08000743,4.164077067,6.601731602,92.8030303,3021.8493,2588.630146,371.0531767,99.07702624,4.429005645,85.66377371,12.27900996
"210",39049008400,3996.101,3794.726,52.39803,101.1687,22.97172106,94.96071295,1.31122887,3356.307682,3304.917247,37.05547127,199.3715005,6.025356762,1.104054657,98.46884018,3163.566543,3076.696921,34.25973608,146.8233905,4.761545873,97.25406053,1.082946592
"211",39049008500,6013.606,5725.187,153.3684,141.1889,23.89061906,95.20389264,2.550356641,5289.599276,5143.585014,107.7314856,399.8372457,7.581629488,2.036666295,97.23959692,5080.737771,4821.023047,107.19665,633.9151122,12.48679358,94.88824781,2.109863859
"212",39049008710,3482.769,2433.73,978.5807,45.99329,18.65079523,69.87916798,28.09777795,3216.594624,1018.702465,2170.4919,357.1819403,11.10435047,67.47794341,31.670216,3018.921331,692.8351062,2216.485191,312.16723,10.39765319,22.94975689,73.4197731
"213",39049008720,5031.679,4773.315,107.5987,205.8662,44.48883253,94.86525273,2.138425365,4313.526254,3115.381569,1140.59326,494.6182622,11.56848368,26.44224686,72.22354486,4023.999987,2434.999992,1319.999996,753.9999975,18.95901433,60.51192843,32.80318091
"214",39049008730,3167.844,2113.706,977.3867,12.54317,20.56358847,66.72380332,30.8533722,2748.637817,874.2480565,1767.255211,842.6035047,34.61943833,64.29567402,31.80659347,2777.56453,1104.862549,1589.688921,867.4087292,34.91262136,39.77810548,57.23319488
"215",39049008811,4364.136,3240.969,924.2381,94.1688,60.63955357,74.26370306,21.17803157,2844.632394,2155.265992,662.6681231,512.3248552,18.24951253,23.29538693,75.7660637,2488.009612,1934.271221,525.3136481,399.474616,15.72842908,77.74371979,21.11381104
"216",39049008812,4782.156,2667.294,1941.613,39.45683,31.56470645,55.77597218,40.60120582,4250.362104,1295.751922,2903.744734,511.3964742,12.29881045,68.31758478,30.48568312,3673.435393,1041.137425,2576.311031,480.5912493,13.07914006,28.34233663,70.13356043
"217",39049008813,3539.146,614.3527,2652.762,26.47285,38.66667076,17.35878373,74.95486199,2929.515873,350.6608473,2530.396868,456.387736,15.37548234,86.37593985,11.96992481,2511.894663,317.1806659,2139.20738,312.7753789,12.61549396,12.62714837,85.16310067
"218",39049008821,5569.147,5360.128,9.877403,72.38721,31.24282076,96.24683996,0.177359351,4261.515084,4230.674149,4.265242369,450.5080504,10.54356255,0.100087464,99.27629178,3783.012019,3711.96991,16.24388621,393.1415132,10.59677634,98.12207551,0.429390288
"219",39049008822,2211.43,2171.139,0,37.22556,24.60562844,98.17805673,0,2101.503968,1953.995107,138.0018424,315.3186249,15.54818046,6.566813316,92.98079552,2396.484895,2079.176664,266.2678836,412.21315,17.11445709,86.75943122,11.11076828
"220",39049008825,4492.618,4270.583,0,42.35741,35.2272697,95.05778145,0,5942.892915,5806.079551,82.88692857,564.2302969,9.492607527,1.394723576,97.6978659,5379.661255,5210.891485,74.89782702,459.3733391,8.625539096,96.86281789,1.392240579
"221",39049008900,5800.023,5628.003,50.01884,196.001,35.1885441,97.03414969,0.862390373,5046.016839,4774.001836,225.0147773,312.0060339,7.569257236,4.459255379,94.60931243,4959.013664,4643.000941,227.0124606,287.0051095,6.88920281,93.62750853,4.577774452
"222",39049009000,3537,3412,13,165,42.63565891,96.46593158,0.367543116,3468.999974,3406.999975,25.99999981,168.9999987,4.871720957,0.749495532,98.21274142,3352.999975,3236.999976,56.99999957,121.9999991,3.642878471,96.54041157,1.699970176
"223",39049009100,5552,5257,32,76,22.1574344,94.68659942,0.576368876,4889.999983,4824.999983,47.99999983,179.9999994,3.680981595,0.981595092,98.67075665,4775.999983,4552.999984,175.9999994,236.9999992,4.962311558,95.33082077,3.685092127
"224",39049009210,3620.75,3403.962,100,29.52302,7.132375377,94.01262169,2.761858731,2779.738291,2547.291422,176.6092072,194.9757863,7.235630153,6.353447295,91.63781464,3545.197574,2976.913047,468.3707158,597.0058927,17.28582672,83.97030022,13.21141364
"225",39049009220,3642.309,3609.95,0,65.63133,23.7668348,99.11158004,0,2840.410294,2758.904162,52.38913265,197.4762544,6.785605263,1.844421306,97.13048031,2725.252045,2515.621755,149.7759281,351.295711,13.32553962,92.30785678,5.495856002
"226",39049009230,6797.795,6609.724,0,53.87273,12.63797497,97.23335287,0,5605.401111,5297.824997,190.1001007,505.6801142,9.043586364,3.391373729,94.51286164,5357.993132,4807.258064,339.6850849,522.9725671,9.815782451,89.72124349,6.339782015
"227",39049009240,2969.25,2899.038,0,18.47698,21.97802433,97.63536247,0,2338.261643,2320.708513,7.390791444,121.0242099,5.177865613,0.316080601,99.24930857,2064.80236,2037.086892,16.62928075,84.9941016,4.103479037,98.65771812,0.805369128
"228",39049009250,2769.68,2755.822,0,55.4332,36.60131237,99.49965339,0,2142.097179,2088.643737,15.83805677,176.1983816,8.221709007,0.739371534,97.50462107,2126.259122,2044.099202,28.7064779,34.64574919,1.637043966,96.13594041,1.35009311
"229",39049009311,4002.113,3841.082,0.001536083,10.00422,5.001082278,95.97635049,3.83818e-05,3354.45816,3105.369833,210.0629815,53.01843353,1.604451465,6.262203058,92.57440948,3006.561842,2513.392484,433.1309554,161.0372516,5.356183312,83.59689958,14.40618814
"230",39049009312,3521,3483,0,5,4.95049505,98.92076115,0,3430.999996,3178.999996,207.9999998,244.9999997,7.140775284,6.062372486,92.65520256,3441.999996,2806.999997,528.9999994,236.9999997,6.915669682,81.55142359,15.36897153
"231",39049009321,2802.144,2773.552,0,33.58096,35.41957602,98.97963845,0,2449.473837,2377.474111,32.53505171,77.11385796,3.148178559,1.328246549,97.0606044,2146.015784,1922.255148,163.5830039,150.7848441,7.276865678,89.57320645,7.622637502
"232",39049009322,5243.274,5113.116,44.0298,33.49075,22.11496619,97.51761972,0.839738682,3946.633349,3745.101722,142.1798071,114.6142649,2.927087469,3.602559309,94.89358123,3477.397131,2961.590641,415.317299,187.3819817,5.292764534,85.16687998,11.94333818
"233",39049009323,1623.074,1612.401,0,12.9602,11.80555745,99.34242062,0,1504.526568,1242.27314,249.2932291,177.6309553,11.89078847,16.56954649,82.56903978,1504.145385,843.5564465,567.9616382,214.6056391,14.44701052,56.08210846,37.75975672
"234",39049009325,2992.126,2957.651,0,25.12313,9.759397883,98.84780922,0,4099.387385,3393.396906,668.9419886,435.4502043,10.74378305,16.31809648,82.77814678,6004.759457,3729.891524,2023.469805,859.4700107,14.62568471,62.11558599,33.69776625
"235",39049009326,80.26917,76.41184,0,0.9184116,5.154640633,95.19450618,0,1408.999983,1167.999986,214.9999974,150.9999981,10.5520615,15.25904897,82.89567069,1739.999979,1249.999985,412.9999949,210.9999974,12.23897912,71.83908046,23.73563218
"236",39049009331,1756.594,1704.785,5.865087,31.28046,12.74900441,97.05059906,0.333889732,1352.880005,1029.322721,292.2768219,236.558498,17.75495231,21.60404624,76.08381503,1370.475265,529.8128343,815.247055,140.7620814,10.03484321,38.65905849,59.48644793
"237",39049009332,4255,3539,606,27,27.55102041,83.17273796,14.24206816,3423.999965,1485.999985,1888.999981,146.9999985,4.281969123,55.16939252,43.39953271,3188.999968,893.9999909,2243.999977,96.99999901,2.92344786,28.03386642,70.36688617
"238",39049009333,2700,2647,4,23,20.53571429,98.03703704,0.148148148,2246.999987,1787.99999,439.9999975,144.9999992,6.516853933,19.58166444,79.57276368,2217.999987,1149.999993,957.9999945,211.9999988,9.995285243,51.84851217,43.19206492
"239",39049009334,4229,4109,78,12,35.29411765,97.16244975,1.844407661,3836.000033,1954.000017,1825.000015,306.0000026,8.063241107,47.57559958,50.93847758,3562.00003,1201.00001,2228.000019,426.0000036,12.00676437,33.71701291,62.5491297
"240",39049009336,1287.006,1271.938,0,4.777578,7.692308188,98.82922069,0,1423.000011,1254.00001,151.0000012,76.0000006,5.05655356,10.6113844,88.12368236,2097.000017,1271.00001,749.0000059,180.0000014,8.780487805,60.6103958,35.71769194
"241",39049009337,2214.525,2188.598,0,8.220679,7.692309636,98.82922974,0,4312.085833,3161.329794,1109.764729,382.9188208,9.047956532,25.73614653,73.31323904,4269.094947,2113.551924,2035.568457,356.9243316,8.310055866,49.50819672,47.68149883
"242",39049009340,3442.859,3334.217,85.30782,25.67778,7.293199469,96.84442494,2.477819161,2908.615786,2716.648972,120.6898355,237.3088882,8.15882556,4.149390789,93.40006284,2626.423781,2361.825013,194.1239363,231.5251972,8.52525024,89.92551124,7.391188647
"243",39049009350,2066.591,1961.226,36.66467,5.319522,1.949545481,94.90150688,1.774161893,3005.533983,2698.436664,262.361547,149.6356113,4.978668808,8.729282332,89.78227096,2950.978529,2276.418196,586.0027443,150.4492689,5.275921425,77.14113043,19.85791284
"244",39049009361,2901.119,2821.183,3.992317,11.01104,10.30118532,97.24464939,0.137613004,3802.355884,3572.262286,163.9653209,48.05485843,1.26351231,4.31220343,93.94865695,4074.943792,3633.232987,341.2824969,97.40879628,2.382334975,89.16032151,8.375146119
"245",39049009362,3774.115,3735.127,0.003865437,13.97846,33.27658075,98.96696312,0.00010242,5496.020305,5263.333412,121.8781608,63.89933102,1.169867599,2.217571152,95.76626576,6845.174702,6168.306393,407.3920579,258.4986268,3.805754249,90.11174531,5.951521701
"246",39049009371,1872.73,1819.86,32.01247,8.973192,16.66666419,97.17684877,1.709401248,3890.000017,3496.000015,346.0000015,194.0000009,5.296205296,8.894601542,89.8714653,5322.000023,4423.000019,781.0000034,395.0000017,7.650590742,83.10785419,14.67493424
"247",39049009372,1337.357,1299.602,22.8608,6.407953,16.6666658,97.17689443,1.709401454,4566.999982,4296.999983,247.999999,57.99999977,1.273326015,5.430260565,94.08802277,3932.999984,3436.999986,388.9999984,116.9999995,2.978615071,87.38876176,9.890668701
"248",39049009373,1981.055,1921.814,27.64719,10.24555,20.71332079,97.00962366,1.395579123,4744.640277,4446.21596,218.0736455,245.7839335,5.13765796,4.596210308,93.71028571,5031.558388,4496.220734,402.2374442,269.7779299,5.3873489,89.36040064,7.994291493
"249",39049009374,3474.02,3375.113,57.7798,16.89577,17.21332135,97.15295249,1.663197103,1597.586803,1485.854969,90.82423913,22.19054882,1.449940798,5.685089471,93.00621203,4577.932188,4016.742773,423.3247727,186.8586784,4.086069327,87.74142141,9.247073904
"250",39049009381,1563,1540,0,18,23.07692308,98.52847089,0,3801.999952,3696.999953,77.99999901,153.999998,3.986538959,2.051551815,97.23829563,4589.999941,4207.999946,252.9999968,321.9999959,6.959152799,91.67755991,5.511982571
"251",39049009382,3325,3126,0,42,48.8372093,94.01503759,0,2809.000017,2774.000017,17.0000001,76.00000045,2.707516922,0.605197579,98.75400498,3019.000018,2936.000018,41.00000024,108.0000006,3.6012004,97.25074528,1.358065585
"252",39049009383,2891,2767,0,6,10,95.7108267,0,2686.000008,2629.000007,45.00000013,8.000000022,0.300075019,1.675353686,97.87788533,2403.000007,2336.000007,49.00000014,78.00000022,3.254067584,97.21181856,2.039117769
"253",39049009384,3217,3185,0,20,27.02702703,99.00528443,0,2933.999992,2869.999993,23.99999994,60.99999984,2.079072938,0.81799591,97.81867757,2717.999993,2595.999993,56.99999985,93.99999976,3.467355219,95.51140545,2.097130243
"254",39049009385,1443,1434,0,15,18.75,99.37629938,0,1339.000002,1332.000002,4.000000005,38.00000004,2.925327175,0.298730396,99.47722181,2484.000003,2356.000003,52.00000006,36.00000004,1.435406699,94.84702093,2.093397746
"255",39049009386,205,183,0,0,0,89.26829268,0,2176.000031,2054.00003,92.00000133,137.000002,6.221616712,4.227941176,94.39338235,2958.000043,2569.000037,289.0000042,223.0000032,7.559322034,86.84922245,9.770114943
"256",39049009390,1261,1215,0,7,12.96296296,96.35210151,0,2451.000013,2385.000013,26.00000014,83.00000045,3.443983402,1.060791514,97.30722154,3787.000021,3594.00002,108.0000006,46.00000025,1.218543046,94.90361764,2.851861632
"257",39049009410,972.399,940.7251,8.699733,5.619224,30.52091515,96.74270541,0.894667004,1723.629805,1593.795785,96.09394296,64.02430447,3.740938143,5.575091743,92.46740688,1540.03357,1395.619831,99.39294803,79.34428733,5.093228211,90.6226889,6.453946845
"258",39049009420,6363.748,6223.484,0,38.79514,41.48612949,97.79589009,0,7019.556856,6692.164614,260.701465,331.4108264,4.735345841,3.713930528,95.33599843,6365.374028,5959.184357,279.8004511,260.9488701,4.203826748,93.61876192,4.395663945
"259",39049009430,1470.87,1437.895,0,4.996161,19.999996,97.75812954,0,4181.78699,3867.028829,231.8218833,357.7251475,8.558450873,5.543608124,92.47311828,4441.587376,3953.962035,385.7036506,407.6867603,8.85032538,89.02137233,8.683914511
"260",39049009440,2692.27,2596.916,0,46.6349,37.81135551,96.45823042,0,3523.860791,3504.942069,3.982888715,272.827877,7.804044432,0.113026279,99.46312518,3295.840412,3251.032914,9.957221788,234.9904342,7.36349454,98.64048338,0.302114804
"261",39049009450,2207.998,2123.998,0,57.99993,37.41935796,96.19564873,0,2650.99696,2618.996997,17.99997936,82.99990482,3.283227848,0.678989061,98.79290834,2623.996991,2578.997043,22.99997363,87.99989909,3.471400394,98.28506098,0.87652439
"262",39049009495,605.3127,584.0225,0,6.93215,44.092878,96.48277659,0,788.9070111,771.7788648,12.08138117,20.70963645,2.645470342,1.531407504,97.8288764,1137.211772,1070.386999,49.77940336,59.13577196,5.203450979,94.12380573,4.377320441
"263",39049009497,1355.442,1307.323,0,15.35208,44.64251858,96.44994031,0,1855.444606,1816.333899,27.38858502,48.56342951,2.63790794,1.47611979,97.8921113,2688.39943,2531.17171,117.1613776,140.4201514,5.225673837,94.1516235,4.358034609
"264",39049009520,2304,2251,0,26,24.76190476,97.69965278,0,2939.826461,2746.864361,184.0461739,238.0445415,8.1484174,6.260443477,93.43627583,2933.314662,2696.54063,186.5794258,207.3664332,7.382147782,91.92810661,6.360702731
"265",39049009590,4531.961,4449.758,0,31.31565,30.18867652,98.18614944,0,5002.674935,4935.150567,10.76475436,183.0008241,3.655199375,0.215179969,98.65023474,4403.763147,4288.286691,7.828912262,281.8408414,6.629834254,97.37777778,0.177777778
"266",39049009600,4865.624,4139.627,711.001,102.9506,27.69424122,85.07905666,14.61274032,4552.050402,3740.065235,781.9978804,729.7466512,16.15542217,17.17902508,82.16221053,4309.327768,3564.671835,631.7058327,806.6370374,18.91589497,82.71990498,14.65903423
"267",39049009711,5449.401,5375.615,13.87418,28.37901,27.43903111,98.64597962,0.254600093,5267.979596,5244.043301,8.976110633,299.2036878,5.925340707,0.170390004,99.54562666,4935.863503,4859.067889,32.91240565,220.4133833,4.656552887,98.44413013,0.666801374
"268",39049009712,3194.976,3151.757,8.124832,16.6704,27.40302488,98.64728248,0.254300251,2997.97017,2992.891633,0.02600774,87.04966749,2.904171876,0.000867512,99.83060082,2649.809067,2622.260593,3.381777156,167.9496078,6.373161902,98.96036004,0.127623428
"269",39049009720,1844.193,1778.963,0.8073277,5.228638,13.54158271,96.46295155,0.043776747,4109.687708,4087.536034,10.02079336,56.93568194,1.383066793,0.243833451,99.46098887,5263.531654,5147.769953,44.09132406,347.7160215,6.713045196,97.80068387,0.83767567
"270",39049009740,1857.736,1847.711,6.398556,16.59526,42.68129493,99.46036466,0.344427626,2469.427175,2461.637446,4.568426843,76.30144215,3.214602533,0.184999456,99.68455321,3929.780621,3863.553679,16.98066811,144.4695009,3.616904721,98.31474202,0.43210219
"271",39049009751,1253.429,1247.586,4.017401,11.32177,43.05556189,99.53383877,0.320512849,1972.255454,1953.693515,9.280969765,102.8652388,5.125179789,0.470576453,99.05884709,2596.43491,2557.762886,21.65573471,63.42330006,2.497762241,98.51057218,0.834056522
"272",39049009752,388.4605,385.9546,1.570695,3.430406,42.41823585,99.35491511,0.404338408,621.0568114,614.3206994,3.717076404,32.32109141,5.130528278,0.598508274,98.9153791,806.3222103,792.9475281,7.624844362,20.99949577,2.663177184,98.34127325,0.945632436
"273",39049009800,4076.626,3795.007,22.49038,41.06939,26.75159082,93.09186077,0.551691031,6024.949361,5987.949672,17.99984871,296.9975037,4.945054945,0.298755187,99.38589212,6603.944494,6542.945007,16.99985712,446.996243,6.820262435,99.07631738,0.257419746
"274",39049009900,1483.203,1466.326,6.903968,5.369753,18.18181911,98.86212474,0.465476944,1124.000044,1048.000041,56.0000022,63.00000247,5.565371025,4.982206406,93.23843416,1242.000049,1072.000042,113.0000044,246.0000097,19.41594317,86.31239936,9.098228663
"275",39049010000,1984.713,1940.088,0.0138919,10.55429,34.41022354,97.75156408,0.000699945,2781.767136,2643.78441,97.29551192,222.0106681,8.078532346,3.497615262,95.03974563,6183.572035,5760.77881,264.4668915,178.6699401,2.896472613,93.16263768,4.276927478
"276",39049010100,203.7004,162.6485,36.81354,7.42937,40.57465797,79.84692224,18.07239456,492.1666763,56.50214282,427.3088189,102.5692627,20.94523001,86.82197302,11.48028616,466.4604684,47.87689445,406.8365325,192.9242299,41.79492592,10.26386965,87.21779443
"277",39049010200,938.6046,905.5848,0,10.74457,44.10884257,96.48203301,0,1225.117569,1198.53851,18.74427415,32.16173088,2.645568007,1.529997988,97.83048909,1766.193127,1662.423112,77.30097483,91.8542467,5.20405951,94.12465076,4.376700014
"278",39049010300,5897.234,5042.905,721,3.087739,40.35975238,85.51305578,12.22607073,2162.797233,1747.19877,303.5229648,213.6018397,10.89461373,14.0338151,80.78421516,2494.10923,2283.97148,145.5128574,234.1421116,9.087347019,91.57463726,5.834261616
"279",39049010400,286.2558,278.3273,0,2.765757,36.14458634,97.23027446,0,385.7308293,382.7806891,1.014110689,15.30385221,3.977953511,0.26290631,99.23518164,2332.045562,2132.775123,19.29276133,24.04988057,1.036564529,91.45512239,0.827289211
"280",39049010500,402.5852,391.4347,0,3.889712,36.14456667,97.23027573,0,542.485228,538.3362014,1.426227894,21.52307549,3.977953511,0.26290631,99.23518164,3279.748909,2999.498379,27.13300888,33.82333984,1.036564529,91.45512239,0.827289211
"281",39049010601,640.8736,612.8436,9.052504,4.035453,49.9999938,95.62628262,1.412525652,650.6895796,643.0549383,4.471718533,19.63193502,3.098640041,0.687227623,98.82668455,710.8941804,694.7523671,3.599188087,26.06684706,3.756089895,97.72936484,0.506290273
"282",39049010602,1906.949,1823.545,26.93615,12.00768,50,95.62631198,1.412525977,1936.157398,1913.440164,13.30580847,58.4157445,3.098640041,0.687227623,98.82668455,2115.299015,2067.268291,10.70955316,77.56312741,3.756089895,97.72936484,0.506290273
"283",39049010700,1288.432,1260.173,4.471237,39.16804,23.72697529,97.8067139,0.347029335,1713.000017,1665.000016,26.00000016,342.0000022,23.52132039,1.517805015,97.19789843,1725.000015,1593.000014,89.0000006,60.00000077,4.000000008,92.3478261,5.159420278
"284",39049980000,8.212346,8.091899,0,0.1970963,58.06450377,98.53334236,0,5.080705046,4.894558525,0.16424693,1.270176261,24.26778243,3.232758621,96.3362069,3.799578989,3.613432468,0.131397544,1.051180354,29.53846154,95.10086455,3.458213256
