GEOID,pctwhite_2000,pctblack_2000,white_2000,black_2000,aian_2000,asian_2000,multipleraces_2000,households_2000,familyhouseholds_2000,nonfamilyhouseholds_2000,hhlivingalone_2000,numberofhousingunits_2000,vacancyrate_2000,vacantunits_2000,pctpoverty_2000,poverty_2000
39049000110,96.99828473,1.000571755,3393,35,2,26,41,1761,924,837,685,1811,2.760905577,50,3.230417381,113
39049000120,96.44105497,0.603749603,3035,19,3,46,44,1553,894,659,552,1588,2.204030227,35,4.09914204,129
39049000210,94.97389034,1.305483029,2910,40,3,52,59,1432,828,604,517,1460,1.917808219,28,2.578328982,79
39049000220,96.94300518,0.466321244,3742,18,2,35,63,1654,1118,536,425,1684,1.781472684,30,2.564766839,99
39049000310,77.95488722,16.93233083,2592,563,3,51,114,1414,853,561,447,1584,10.73232323,170,13.92481203,463
39049000320,90.62880325,5.111561866,2234,126,6,37,58,1063,662,401,293,1105,3.800904977,42,6.855983773,169
39049000330,82.17620788,12.87048315,2024,317,14,13,95,1074,587,487,428,1137,5.540897098,63,15.71254568,387
39049000410,92.96969697,1.858585859,2301,46,4,45,78,1242,511,731,440,1301,4.534973098,59,9.97979798,247
39049000420,94.533459,1.413760603,3009,45,3,46,79,1541,760,781,584,1576,2.220812183,35,6.911718505,220
39049000500,88.24574692,2.00558504,3417.148,77.66245,9.83069,271.3271,96.34077,2050.682013,769.7430567,1280.938956,785.4721613,2136.20902,4.003681578,85.527007,12.61741539,488.5853118
39049000600,86.0223535,5.025427657,3223.852,188.3375,16.16931,135.6729,182.65921,1841.317987,600.2569433,1241.061044,807.5278387,2044.79098,9.950796682,203.472993,19.67650717,737.4146882
39049000710,72.2830915,22.29789754,2441,753,24,37,118,1382,856,526,417,1497,7.682030728,115,19.39591353,655
39049000720,22.46455834,72.7735369,618,2002,13,18,99,1080,711,369,317,1160,6.896551724,80,27.15376227,747
39049000730,3.453568688,92.81146073,135,3628,15,9,122,1473,995,478,399,1721,14.41022661,248,29.7262727,1162
39049000810,69.91465149,21.19487909,1966,596,12,135,103,1093,730,363,290,1159,5.69456428,66,10.59743954,298
39049000820,57.45475438,37.0295892,2000,1289,6,22,162,1396,841,555,433,1559,10.45542014,163,15.31169204,533
39049000910,27.71645818,67.40250184,1130,2748,24,28,146,1430,1051,379,298,1583,9.665192672,153,21.31469218,869
39049000920,26.77532014,68.68451688,690,1770,20,7,90,912,631,281,224,1064,14.28571429,152,33.72138145,869
39049001000,88.76757957,4.311621021,4797,233,24,166,183,2410,571,1839,809,2576,6.444099379,166,34.99259808,1891
39049001110,78.31647829,3.152885187,2633,106,2,524,94,1694,173,1521,752,1760,3.75,66,59.63712076,2005
39049001121,74.45146724,10.30836123,5905.101,817.6053,7.055079,813.6858,351.1862,566.758012,281.4192618,285.3387502,202.2455976,594.9783279,4.743082996,28.2203159,3.884166624,308.0717824
39049001122,74.45149216,10.30836172,1627.899,225.3947,1.944921,224.3142,96.81384,156.241988,77.58073817,78.66124984,55.75440236,164.0216721,4.743083033,7.7796841,3.884167583,84.92821755
39049001200,84.69807868,5.192131747,3703,227,20,292,129,1751,217,1534,605,1922,8.89698231,171,55.55809698,2429
39049001300,80.97672779,10.59590973,4593,601,11,277,184,2281,274,2007,906,2532,9.913112164,251,54.848378,3111
39049001400,11.51919866,83.47245409,207,1500,6,11,73,644,438,206,147,782,17.64705882,138,26.37729549,474
39049001500,4.183535762,91.63292848,93,2037,3,10,79,772,589,183,174,874,11.67048055,102,37.15699505,826
39049001600,22.91766972,73.37506018,476,1524,8,4,63,775,494,281,187,1000,22.5,225,53.97207511,1121
39049001700,54.00658617,33.77241127,1476,923,24,101,208,1228,389,839,593,1482,17.13900135,254,45.33479693,1239
39049001810,75.37780094,9.015112038,2893,346,10,409,175,1874,212,1662,878,1987,5.686965274,113,52.3189161,2008
39049001820,86.28571429,6.326530612,2114,155,3,99,78,1393,308,1085,634,1513,7.931262393,120,20.7755102,509
39049001901,90.86373938,3.831038952,1282.996,54.09427,2.993497,31.01529,40.60683,947.2931779,201.7267687,745.5664091,602.255361,986.0598594,3.931473443,38.7666815,12.88729283,181.9685747
39049001902,91.17887124,3.675697674,3214.967,129.6051,7.116157,75.59036,98.01954,2331.615785,519.8637156,1811.752069,1464.945143,2426.20453,3.898630302,94.588745,12.38209529,436.5926798
39049002000,84.02932738,10.9021358,2636,342,18,49,88,1705,450,1255,767,1813,5.956977386,108,14.4086707,452
39049002100,88.97108272,5.648957633,1323,84,4,40,35,1054,148,906,741,1193,11.65129925,139,16.40887693,244
39049002200,67.59259259,26.06837607,949,366,7,15,61,773,218,555,438,1115,30.67264574,342,30.41310541,427
39049002300,8.139534884,87.54152824,147,1581,2,14,62,652,429,223,153,802,18.7032419,150,25.63676633,463
39049002510,14.27132304,81.90060443,425,2439,13,16,85,1282,772,510,447,1413,9.271054494,131,16.62189389,495
39049002520,12.23974763,83.4384858,388,2645,10,10,116,1497,710,787,691,1632,8.272058824,135,26.7192429,847
39049002600,36.3329724,58.62143658,1548.201,2497.945,12,26,170,1821.660535,997.813842,823.8466934,722.7700401,2087.660535,12.74153511,266,27.55957956,1174.353922
39049002710,27.74634606,59.21735031,1177,2512,12,19,520,1868,1036,832,671,2205,15.28344671,337,44.67232438,1895
39049002730,39.57690613,52.44601146,898,1190,6,29,145,1031,526,505,394,1117,7.69919427,86,12.38431027,281
39049002740,80.02599653,17.33102253,1847,400,1,20,40,1013,654,359,318,1087,6.807727691,74,7.105719237,164
39049002750,42.59327669,49.50129294,1153,1340,13,43,158,1082,709,373,350,1169,7.44225834,87,23.90099741,647
39049002760,66.20837152,28.53651085,2167,934,13,37,121,1677,779,898,698,1790,6.312849162,113,13.35166514,437
39049002770,44.66441333,49.29985514,925,1021,11,29,84,946,513,433,388,1024,7.6171875,78,11.63689039,241
39049002780,63.67363674,32.92332923,1553,803,2,26,55,1078,623,455,411,1113,3.144654088,35,4.26404264,104
39049002800,6.358208955,87.31343284,213,2925,9,7,195,1449,743,706,606,1785,18.82352941,336,35.10447761,1176
39049002900,3.933536792,89.69142082,116,2645,21,44,114,1198,596,602,581,1367,12.36283833,169,54.12004069,1596
39049003000,43.96512162,51.81275815,958,1129,7,24,60,897,218,679,522,1003,10.56829511,106,36.1633777,788
39049003200,79.98903509,11.95175439,1459,218,2,61,83,950,152,798,532,995,4.522613065,45,16.61184211,303
39049003600,9.55967555,85.05214368,165,1468,4,6,83,857,322,535,510,1127,23.95740905,270,40.67207416,702
39049003700,16.42977596,78.46302096,682,3257,24,18,168,1758,860,898,807,2142,17.92717087,384,33.36545411,1385
39049003800,33.06258958,63.06736742,692,1320,4,19,57,1079,346,733,622,1313,17.82178218,234,25.46583851,533
39049004000,69.70387244,23.09794989,1530,507,7,64,87,1731,127,1604,1352,1895,8.654353562,164,27.60820046,606
39049004200,42.45810056,50.55865922,608,724,8,16,75,561,244,317,280,742,24.393531,181,56.63407821,811
39049004300,81.95790967,9.411208323,3466,398,25,192,148,2046,787,1259,890,2530,19.13043478,484,23.93000709,1012
39049004500,85.40223761,9.234594211,4809,520,32,65,204,1948,1265,683,517,2125,8.329411765,177,15.45018647,870
39049004610,93.42365227,4.205475586,3310,149,5,19,59,1558,945,613,493,1626,4.18204182,68,4.205475586,149
39049004620,79.29054054,13.24324324,2347,392,21,72,128,990,704,286,214,1122,11.76470588,132,16.48648649,488
39049004700,57.94629898,33.76269956,3194,1861,27,84,345,1894,1278,616,456,2199,13.86994088,305,23.22206096,1280
39049004810,88.40979648,5.519144533,2563,160,6,91,79,1186,739,447,350,1235,3.967611336,49,15.17764746,440
39049004820,75.42039356,18.60465116,2108,520,5,50,110,1049,694,355,282,1152,8.940972222,103,20.07155635,561
39049004900,72.78564373,20.25024695,4421,1230,38,116,268,2395,1497,898,758,2648,9.554380665,253,20.71122819,1258
39049005000,86.57211829,9.308992154,5738,617,38,45,190,2378,1394,984,779,2807,15.28322052,429,31.2009656,2068
39049005100,54.58633094,28.73201439,1214,639,3,6,359,880,473,407,306,997,11.73520562,117,46.0881295,1025
39049005200,86.56202144,9.264931087,2261,242,9,41,56,1506,398,1108,805,1658,9.167671894,152,14.62480858,382
39049005300,13.5096292,82.46622593,470,2869,9,21,110,1204,730,474,366,1659,27.42616034,455,43.80569129,1524
39049005410,5.268013423,91.88728944,102.1796,1782.267,2.012732,4.999969,48.1581,707.7488821,468.1714055,239.5774766,270.3824865,927.1116545,23.66087961,219.3627724,29.78322678,577.6823168
39049005420,3.888452072,92.30165679,98.81976,2345.722,6.987256,0,86.84161,961.2467971,643.8257364,317.4210607,210.615861,1160.882684,17.19690453,199.6358869,36.37077547,924.3141579
39049005500,7.048540078,89.06453413,379,4789,12,47,150,1987,1357,630,532,2346,15.3026428,359,29.34721964,1578
39049005610,36.63157895,58.06315789,870,1379,17,23,86,834,555,279,155,1019,18.15505397,185,36.25263158,861
39049005620,69.05723906,26.43097643,2051,785,21,10,102,1097,702,395,348,1218,9.934318555,121,24.64646465,732
39049005700,93.54736173,3.178639542,2943,100,6,42,54,1857,587,1270,933,2008,7.519920319,151,6.03941513,190
39049005810,89.96138996,4.633204633,2563,132,9,34,109,1400,566,834,583,1540,9.090909091,140,13.79431379,393
39049005820,92.83289325,3.960769521,2461,105,7,12,66,1069,617,452,329,1186,9.865092749,117,23.80233874,631
39049005900,28.57594937,66.7721519,903,2110,17,32,98,1116,761,355,278,1231,9.341998375,115,19.96835443,631
39049006000,55.44662309,38.3805374,1527,1057,12,13,145,966,693,273,215,1041,7.204610951,75,35.69353667,983
39049006100,83.47485304,10.5813194,2556,324,39,15,127,1121,735,386,290,1360,17.57352941,239,34.25865447,1049
39049006220,89.02902557,1.503109883,5153,87,6,434,108,2567,1495,1072,893,2726,5.832721937,159,3.455425017,200
39049006230,80.59565138,2.539740544,4411,139,5,820,98,2443,1391,1052,800,2899,15.72956192,456,5.189110177,284
39049006236,92.88402645,1.542198016,5338.045,88.63012,2.7915,281.9415,35.59162,1815.870553,1615.580449,200.2901032,170.9793564,1879.377171,3.379131075,63.506618,2.428658167,139.5749848
39049006310,96.24683399,0.345383376,4180,15,3,112,33,1745,1345,400,366,1799,3.001667593,54,1.036150127,45
39049006321,93.70043881,0.792063384,3843.592,32.49044,1.015326,184.7844,40.117401,1637.667229,1199.020961,438.646268,403.4778036,1680.719345,2.561529153,43.052116,1.307169697,53.62010099
39049006323,93.4670313,0.729261623,3076,24,4,141,46,1528,1005,523,470,1579,3.229892337,51,1.428137344,47
39049006330,95.73489442,0.522684508,4579,25,3,90,85,2041,1295,746,644,2097,2.67048164,56,3.554254652,170
39049006340,89.36442031,0.574896199,2798,18,3,279,33,1255,911,344,277,1302,3.609831029,47,1.437240498,45
39049006351,92.06834991,2.72889569,3610,107,1,127,75,1906,984,922,649,1937,1.60041301,31,6.860494772,269
39049006352,74.48154657,5.237258348,2119,149,6,461,110,1747,394,1353,896,1857,5.923532579,110,23.23374341,661
39049006353,83.53435639,2.69080623,3647.11,117.4806,4.015019,448.7936,146.60078,2464.69186,878.1434109,1586.54845,1216.037791,2541.337694,3.015964159,76.645834,9.546404653,416.7960272
39049006371,85.71428571,3.124514224,5514,201,6,505,201,2766,1564,1202,895,2872,3.690807799,106,2.829162133,182
39049006372,80.25538403,3.259005146,4211,171,13,646,203,2368,1237,1131,730,2536,6.624605678,168,7.223175148,379
39049006383,86.65663063,4.133023129,6332,302,15,363,288,3035,1796,1239,840,3130,3.03514377,95,5.830026002,426
39049006384,85.39119804,3.285452323,5588,215,8,556,171,2623,1651,972,693,2680,2.126865672,57,1.971271394,129
39049006386,80.97189696,3.425058548,2766,117,4,407,120,1503,829,674,497,1649,8.853850819,146,2.195550351,75
39049006387,85.87095595,3.19868397,4698,175,6,424,165,2388,1345,1043,768,2518,5.162827641,130,4.971668799,272
39049006391,94.84136595,1.162509082,3916,48,2,128,35,1456,1270,186,170,1492,2.412868633,36,1.2351659,51
39049006392,89.94006849,1.455479452,4202,68,3,348,51,1610,1406,204,162,1644,2.068126521,34,1.797945205,84
39049006393,87.89400177,2.871818988,4952.827,161.827,2.631333,371.6758,145.38115,1916.268387,1520.252743,396.0156432,292.0779827,1954.422718,1.952204641,38.154331,1.190754144,67.09899603
39049006394,87.89399522,2.871818833,2576.173,84.17301,1.368667,193.3242,75.61885,996.7316134,790.7472566,205.9843568,151.9220173,1016.577282,1.952204614,19.8456686,1.190754144,34.90100397
39049006395,84.77231448,2.750723923,3267.125,106.0129,6.594104,383.9797,89.27402,1982.796262,832.8860226,1149.91024,897.8125823,2087.287444,5.00607534,104.491182,6.607001842,254.633851
39049006396,84.77230235,2.750723825,3173.875,102.9871,6.405896,373.0203,86.72598,1926.203738,809.1139774,1117.08976,872.1874177,2027.712556,5.006075329,101.508818,6.607001843,247.366149
39049006410,96.09720177,0.994108984,2610,27,2,53,24,1251,718,533,427,1301,3.84319754,50,4.970544919,135
39049006430,91.28593715,1.114330287,4096,50,14,271,55,1871,1224,647,576,1926,2.855659398,55,3.097838199,139
39049006500,97.68041237,0.143184422,3411,5,3,44,28,1316,952,364,333,1339,1.717699776,23,5.58419244,195
39049006600,97.44894275,0.628963899,3779.07,24.39122,2.021734,48.22386,24.291246,1619.802869,978.3823082,641.4205607,555.3816562,1693.083243,4.328220382,73.280374,1.297501418,50.31710498
39049006710,93.40942563,3.313696613,2537,90,3,45,41,1221,727,494,432,1277,4.385277995,56,3.166421208,86
39049006721,94.751693,0.931151242,3358,33,2,104,47,1281,1055,226,212,1308,2.064220183,27,0.59255079,21
39049006722,92.13058419,2.920962199,2681,85,2,101,41,1176,786,390,352,1206,2.487562189,30,3.23024055,94
39049006810,96.04863222,0.607902736,2212,14,8,28,40,969,657,312,280,984,1.524390244,15,3.213200174,74
39049006821,80.89855891,10.85052275,2863,384,13,154,121,1964,737,1227,1087,2095,6.252983294,131,14.38259395,509
39049006822,95.26598341,2.440214739,1952,50,3,21,23,953,570,383,343,971,1.853759011,18,2.098584675,43
39049006910,95.01011463,0.337154417,1409,5,1,42,26,636,461,175,157,657,3.196347032,21,3.506405934,52
39049006921,75.09559011,10.17078766,2946,399,6,164,405,1739,924,815,603,1858,6.404736276,119,11.54728524,453
39049006923,79.24133811,13.76941458,2653,461,4,63,161,1408,969,439,381,1474,4.47761194,66,4.838709677,162
39049006924,71.53110048,19.40457204,2691,730,7,177,156,1802,928,874,698,1878,4.04685836,76,9.223817119,347
39049006931,65.05102041,25.37414966,3825,1492,19,177,357,2519,1344,1175,898,2647,4.835663015,128,11.2244898,660
39049006932,61.60041124,30.12337217,3595,1758,10,229,242,2238,1600,638,486,2310,3.116883117,72,4.866346813,284
39049006933,37.04437401,51.90174326,1870,2620,10,86,461,2299,1168,1131,903,2486,7.522123894,187,12.91600634,652
39049006942,71.51260504,17.31092437,851,206,2,27,104,525,314,211,182,560,6.25,35,9.579831933,114
39049006943,78.51333032,15.27338455,3475,676,6,109,160,1776,1245,531,450,1833,3.109656301,57,6.778129236,300
39049006944,84.58470202,11.21539183,3605,478,4,61,114,1828,1219,609,486,1874,2.454642476,46,3.167526983,135
39049006945,63.3518225,29.21949287,3198,1475,11,99,264,2459,1092,1367,1046,2670,7.902621723,211,10.69730586,540
39049006950,95.90469099,0.744601638,2576,20,1,68,21,1237,870,367,322,1271,2.675059009,34,1.824274013,49
39049006990,84.97632692,9.828301556,5740.631,663.9573,8.999421,172.9889,163.98941,2820.818558,1730.888665,1089.929893,849.9453296,2932.811355,3.818615773,111.992797,5.239787218,353.9772313
39049007010,89.36681806,6.572268234,3345,246,13,34,102,1115,734,381,313,1148,2.87456446,33,8.522575474,319
39049007020,95.23525019,1.926811053,6376,129,6,66,117,2589,1886,703,592,2634,1.708428246,45,2.703510082,181
39049007041,84.65189813,5.423118693,1761.606,112.8551,2.964669,136.9677,65.81565,897.3064868,494.7044354,402.6020515,292.5140089,963.1221389,6.833572757,65.8156521,4.473359293,93.09060689
39049007043,84.65189873,5.423116335,2808.75,179.939,4.726945,218.3848,104.93817,1430.688574,788.7694938,641.9190806,466.3918701,1535.626745,6.833572764,104.938171,4.473359293,148.4260614
39049007044,84.65191033,5.423116959,4342.643,278.2059,7.308386,337.6474,162.24615,2212.004939,1219.526071,992.4788679,721.094121,2374.251116,6.833572738,162.246177,4.473359293,229.4833317
39049007047,84.09225863,7.659724558,2900.342,264.1839,7.304624,182.6156,94.5543,1495.01306,856.2642664,638.748794,468.713378,1561.160489,4.237067839,66.147429,2.812095541,96.9891752
39049007048,84.09223762,7.659724752,4246.658,386.8161,10.69538,267.3844,138.4457,2188.98694,1253.735734,935.251206,686.286622,2285.839511,4.237067849,96.852571,2.812095541,142.0108248
39049007112,73.08080808,19.97474747,2894,791,3,137,135,1480,1066,414,355,1584,6.565656566,104,4.015151515,159
39049007113,72.81934686,20.02301707,3163.078,869.7464,2.999125,150.956,156.95428,1704.502945,1112.675529,591.8274154,472.8621073,1788.478456,4.695360501,83.975511,6.697353757,290.9151653
39049007114,76.29149472,17.02635883,3031.824,676.6275,15.00369,99.68391,148.71719,1856.038709,964.0248956,892.013813,683.8649213,2005.615644,7.457906277,149.576935,8.474830211,336.7897526
39049007115,75.21682874,18.16575709,3790.176,915.3725,16.99631,79.31609,232.28281,2368.961291,1209.975104,1158.986187,912.1350787,2613.384356,9.352740803,244.423065,6.890459366,347.2102474
39049007120,91.0935281,5.538648813,4490,273,10,48,108,1754,1359,395,298,1806,2.879291251,52,3.733008724,184
39049007132,85.81661891,8.500477555,5391,534,26,174,156,2819,1589,1230,968,3115,9.502407705,296,1.957975167,123
39049007193,96.14732624,1.710587147,6239,111,8,73,58,2284,1902,382,334,2338,2.309666382,54,1.725997843,112
39049007194,92.92431706,4.000597104,6225,268,7,107,90,2550,1841,709,610,2628,2.96803653,78,2.701895805,181
39049007198,88.35905425,6.577840909,2410.435,179.4435,3.443478,82.64348,52.03478,1225.495652,688.6956522,536.8,415.8956522,1285.565217,4.672619032,60.069565,4.165497896,113.6347826
39049007199,76.31589327,17.07386135,4121.262,922.0341,17.17691,153.9922,185.16528,2349.796808,1317.789888,1032.006919,828.404418,2456.058247,4.326503214,106.261439,3.299960318,178.206668
39049007201,92.72087848,2.728338214,633.2836,18.63455,1.091868,21.76457,8.225408,246.3982735,188.7476287,57.65064478,48.33336886,273.3310242,9.853528621,26.9327507,2.632420335,17.97943089
39049007202,76.31670984,17.07317034,2356.66,527.2195,9.823966,88.05184,105.88053,1343.700247,753.5345823,590.1656651,473.7334747,1404.463297,4.326424915,60.76305,3.299163426,101.8781666
39049007203,92.72087735,2.728338254,1295.077,38.10801,2.232891,44.50896,16.821117,503.8891041,385.9924511,117.896653,98.84264849,558.9670859,9.853528623,55.0779818,2.632420047,36.76827436
39049007205,92.72089694,2.728338645,201.7463,5.936442,0.3478384,6.933579,2.620383,78.49553011,60.12966309,18.36586701,15.39764608,87.07554374,9.853528628,8.58001363,2.63242043,5.72773883
39049007207,92.72089467,2.728339047,1103.527,32.4716,1.902633,37.92582,14.333168,429.3608188,328.901803,100.4590158,84.22321527,476.2924297,9.853528625,46.9316109,2.632420964,31.33002134
39049007209,92.72088781,2.728338028,734.2785,21.60635,1.265997,25.23555,9.53718,285.6934044,218.8487438,66.84466065,56.04148317,316.9213393,9.853528629,31.2279349,2.632420497,20.84675654
39049007210,92.72088007,2.728337576,4732.088,139.243,8.158772,162.6315,61.46275,1841.162869,1410.37971,430.7831587,361.1616381,2042.412577,9.853528629,201.249708,2.632420237,134.347778
39049007393,90.05318275,4.911168965,6139.826,334.8435,5.400702,256.1476,81.78205,2397.13998,1974.342198,422.7977821,359.5324205,2449.603938,2.141732269,52.463958,2.082154577,141.9612991
39049007394,90.05319465,4.911168895,1818.174,99.1565,1.599298,75.85244,24.217949,709.8600204,584.6578024,125.2022179,106.4675795,725.396062,2.141732278,15.5360416,2.082154577,42.03870092
39049007395,78.30363887,16.70705547,3980.957,849.3867,19.56778,94.21525,139.87337,2164.051889,1415.402994,748.6488952,568.190449,2394.516892,9.624697315,230.465003,8.139700639,413.8223805
39049007396,78.30362506,16.70705852,1512.043,322.6133,7.432217,35.78475,53.12659,821.9481112,537.5970064,284.3511048,215.809551,909.4831076,9.624697333,87.5349964,8.139700642,157.1776194
39049007424,88.42209686,6.962525356,4478.955,352.6815,18.98286,92.91608,119.89172,2000.193506,1323.804394,676.3891128,562.4919801,2104.099663,4.938271643,103.906157,10.23668662,518.5316833
39049007425,88.34773227,7.474953241,2628.641,222.4049,17.02171,53.11156,54.15268,1115.991195,812.9946592,302.9965357,244.8232285,1161.121104,3.88675297,45.129909,4.858602799,144.5597096
39049007426,93.99535409,3.153519526,2800.491,93.95574,4.995063,29.99416,47.959513,1277.847501,862.2307847,415.6167165,339.6836438,1316.81543,2.959255193,38.967929,3.319672257,98.90608283
39049007427,80.87248322,12.25631192,5061,767,12,262,154,2178,1689,489,397,2260,3.628318584,82,3.020134228,189
39049007492,84.59837807,9.16524474,5140.914,556.9579,4.000373,259.9782,111.99609,2276.967797,1615.970162,660.997635,510.0011476,2375.963803,4.166562044,98.996006,2.089941121,127.0025243
39049007494,82.19538766,12.97475291,3742.356,590.7405,18.99166,100.9557,99.95609,1544.321625,1236.456861,307.864764,256.887157,1569.310648,1.592356684,24.989023,3.732162459,169.9253568
39049007511,17.85283474,78.28709288,296,1298,5,2,57,630,429,201,243,725,13.10344828,95,25.03015682,415
39049007512,6.787687986,90.81818835,257.9914,3451.884,6.999765,7.999732,70.99762,1382.953639,1019.965808,362.9878316,229.99229,1446.951494,4.422944049,63.997855,16.12733314,612.9794511
39049007520,29.46990428,65.07936746,983.9892,2172.976,9.99989,6.999923,159.99828,1130.987533,871.9903879,258.997145,213.9976411,1231.98642,8.198051972,100.998887,29.05061565,969.9893077
39049007531,47.05658944,40.29624003,1239,1061,15,39,277,1166,597,569,398,1259,7.386814932,93,21.91416635,577
39049007532,25.30066815,65.21158129,568,1464,7,35,167,899,578,321,204,952,5.567226891,53,18.88641425,424
39049007533,19.88095238,74.22619048,334,1247,6,13,80,652,452,200,226,740,11.89189189,88,9.880952381,166
39049007534,22.72215973,56.74915636,808,2018,4,90,636,1244,903,341,283,1379,9.789702683,135,31.1023622,1106
39049007550,25.1303529,69.08870972,526.0195,1446.14,5.000345,28.00035,87.00414,657.0588276,477.0438043,180.0150234,151.0100689,683.0620863,3.806866055,26.0032587,18.01250361,377.0312412
39049007551,5.763238434,87.69469158,194.3364,2957.065,8.753894,5.252336,193.46104,1242.17757,929.6635514,312.5140187,288.0031153,1422.507788,12.67692307,180.330218,33.87850467,1142.383178
39049007710,64.96203662,28.18222421,2909,1262,13,95,199,1848,1143,705,574,1947,5.084745763,99,16.3465833,732
39049007721,40.60263026,46.61228567,2439,2800,19,124,619,2548,1345,1203,933,2738,6.939371804,190,17.17995672,1032
39049007722,76.18198037,17.18703539,2562,578,10,101,109,1561,824,737,627,1744,10.49311927,183,11.1210229,374
39049007730,75.13190292,16.10974323,2136,458,4,158,86,1293,759,534,503,1324,2.341389728,31,7.140344706,203
39049007740,94.80597015,3.343283582,1588,56,0,14,17,894,453,441,344,937,4.589114194,43,5.552238806,93
39049007811,90.84013625,2.697386886,3200.298,95.02894,2.969654,154.422,70.28182,1796.64091,896.835628,899.8052824,735.4844057,1864.942962,3.662420427,68.302052,3.933689239,138.5838719
39049007812,89.75598527,2.509208103,3899,109,3,268,65,1933,670,1263,792,2017,4.164600892,84,16.82780847,731
39049007820,44.25531915,9.38534279,1872,397,13,1634,314,2129,710,1419,892,2217,3.969327921,88,39.19621749,1658
39049007830,83.57870895,2.831257078,2214,75,10,253,96,1734,383,1351,1046,1803,3.826955075,69,13.59003398,360
39049007921,93.70730698,2.028565514,4527,98,15,87,103,1644,1315,329,254,1698,3.180212014,54,1.221279238,59
39049007922,92.41618497,1.063583815,3997,46,3,156,122,1502,1104,398,310,1533,2.022178735,31,0.971098266,42
39049007931,94.39364774,1.323387873,3923,55,7,90,81,1543,1158,385,301,1642,6.029232643,99,4.716073147,196
39049007933,92.59994705,2.065131056,6995,156,16,247,135,2739,2089,650,527,2785,1.651705566,46,1.469420175,111
39049007941,91.21932515,2.645705521,2379,69,2,98,59,1087,701,386,347,1191,8.732157851,104,1.495398773,39
39049007951,93.20310409,1.886540005,6966,141,7,260,100,2536,2040,496,361,2601,2.499038831,65,0.789403265,59
39049007952,92.7499668,0.783428496,6985,59,16,361,109,3059,2050,1009,829,3166,3.379658876,107,2.350285487,177
39049007953,86.80125188,5.623887498,5200.263,336.9271,13.72101,227.6671,210.89705,2530.256086,1543.867843,986.3882433,672.3295445,2739.120366,7.625231903,208.86428,6.998049028,419.2531173
39049007954,86.80125905,5.623885823,5032.737,326.0729,13.27899,220.3329,204.10295,2448.743914,1494.132157,954.6117567,650.6704555,2650.879634,7.62523192,202.13572,6.99804903,405.7468827
39049008000,95.34728406,1.157613535,4283,52,12,38,106,1487,1300,187,143,1527,2.61951539,40,0.756901158,34
39049008110,87.48332592,5.42463317,3935,244,17,29,273,1972,1166,806,690,2060,4.27184466,88,13.3837261,602
39049008120,93.29787234,2.765957447,3508,104,15,23,109,1502,1009,493,386,1577,4.755865568,75,13.56382979,510
39049008132,87.83866058,7.549467275,5771,496,34,72,190,2581,1738,843,638,2723,5.214836577,142,7.092846271,466
39049008141,90.67311923,3.321601408,4122,151,8,143,121,1803,1260,543,377,2286,21.12860892,483,2.991641003,136
39049008142,86.00941423,5.439330544,3289,208,10,149,167,1582,1002,580,435,1670,5.269461078,88,2.222803347,85
39049008161,88.65054602,6.669266771,4546,342,18,88,134,2112,1368,744,527,2383,11.37221989,271,11.524961,591
39049008162,90.27355623,4.483282675,7128,354,17,71,323,2976,2108,868,682,3113,4.400899454,137,4.002026342,316
39049008163,83.93719855,9.299517674,2540.779,281.4964,12.99839,31.27738,160.04267,1240.127617,744.9702093,495.1574074,381.0152979,1305.525765,5.009334151,65.398148,9.675254964,292.8699678
39049008164,83.93719774,9.299516384,3714.221,411.5036,19.00161,45.72262,233.9574,1812.872383,1089.029791,723.8425926,556.9847021,1908.474235,5.009334171,95.601852,9.675254966,428.1300322
39049008210,78.90660592,12.5284738,1732,275,6,65,110,1037,518,519,451,1087,4.599816007,50,8.974943052,197
39049008230,57.2327044,17.58676916,2457,755,29,36,1003,1434,835,599,382,1769,18.93725269,335,26.48497554,1137
39049008241,86.61518662,7.55040755,2019,176,15,43,77,1094,615,479,358,1155,5.281385281,61,25.3968254,592
39049008242,81.90745672,5.675765646,4921,341,15,474,255,2462,1599,863,680,2591,4.978772675,129,6.824234354,410
39049008311,85.84692597,9.084065245,3421,362,12,58,127,1739,1077,662,551,1836,5.283224401,97,17.61606023,702
39049008312,81.71312033,9.17743032,3606,405,25,165,210,1818,1120,698,569,2005,9.326683292,187,17.76569227,784
39049008321,91.3884007,3.822495606,2080,87,17,43,47,1007,639,368,361,1042,3.358925144,35,6.502636204,148
39049008322,86.22504935,7.962272428,3931,363,13,97,155,2086,1174,912,781,2217,5.908885882,131,10.98925203,501
39049008330,94.57281032,1.880709296,1760,35,12,13,41,764,506,258,233,816,6.37254902,52,8.704997313,162
39049008340,79.16591442,15.29156888,4385,847,17,164,125,1870,1289,581,440,1967,4.931367565,97,12.89041343,714
39049008350,72.82708143,20.87831656,3980,1141,33,81,226,2199,1380,819,628,2531,13.11734492,332,25.43458371,1390
39049008360,90.09951088,5.801990218,5342,344,21,101,118,1938,1564,374,294,2015,3.82133995,77,6.40917524,380
39049008370,93.87063063,2.751966687,5246.637,153.8135,4.993943,86.89461,94.88492,2005.56762,1577.087287,428.4803333,313.6196379,2124.423471,5.594734413,118.855851,2.448177408,136.8340458
39049008380,90.97744361,4.940923738,3388,184,10,57,83,1326,995,331,248,1384,4.190751445,58,4.269602578,159
39049008400,97.40543272,0.608910613,3083.856,19.27811,0.02173441,33.27593,29.565924,1443.151163,777.6336547,665.5175087,558.7119973,1485.927049,2.878733921,42.775886,2.33833377,74.03164717
39049008500,94.67204376,1.970002328,4067.111,84.6313,3.846877,52.89456,87.51645,1956.137005,1070.393553,885.743452,685.7058428,2016.725319,3.00429183,60.588314,6.380120886,274.0899933
39049008710,16.69665347,77.40194315,464,2151,7,76,80,1126,714,412,334,1232,8.603896104,106,9.643756747,268
39049008720,48.04812834,42.72727273,1797,1598,12,187,143,1641,900,741,640,1790,8.324022346,149,21.09625668,789
39049008730,28.07187955,65.66294318,578,1352,14,13,99,730,359,371,313,1161,37.12316968,431,16.41573579,338
39049008811,83.29593091,14.00236009,1616.445,271.7305,5.033792,4.101086,41.289471,744.9010172,549.8420945,195.0589226,162.919282,805.1352365,7.481254896,60.2342193,22.2254494,431.3081824
39049008812,27.39059968,68.00648298,845,2098,24,22,96,1166,870,296,231,1230,5.203252033,64,13.71150729,423
39049008813,12.28654841,84.50646912,294.3857,2024.775,3.99167,7.98334,64.86464,919.0820491,684.5714286,234.5106206,221.5376926,988.9362766,7.063572159,69.8542275,15.57684298,373.2211578
39049008821,97.60147601,0.664206642,2645,18,5,12,30,1113,771,342,333,1178,5.517826825,65,10.03690037,272
39049008822,74.1188848,21.75170963,2818,827,15,35,106,1573,1017,556,425,1727,8.917197452,154,15.46554445,588
39049008825,90.99829315,5.871360077,5835.17,376.4948,18.97454,62.91557,114.84589,2223.016934,1798.586477,424.4304568,340.5430253,2288.928487,2.879581139,65.911553,6.151689966,394.4706598
39049008900,90.07870198,6.075151301,4567.001,308.0109,13.00001,69.00003,112.0003,1661.004321,1085.002858,576.0014627,449.0016524,1774.005661,6.369841004,113.00134,6.252520215,317.0035252
39049009000,95.03699137,2.18865598,3083,71,1,31,54,1265,916,349,312,1382,8.465991317,117,4.284833539,139
39049009100,93.52651048,4.048499794,4551,197,8,31,78,1769,1381,388,350,1808,2.157079646,39,2.1783806,106
39049009210,57.96930342,31.35773318,2455,1328,18,243,187,2165,872,1293,1136,2455,11.81262729,290,19.05548996,807
39049009220,87.13712833,7.771177621,2227.225,198.6313,5.1033,30.30416,93.73601,1097.918221,660.0114778,437.9067432,320.1061693,1205.292683,8.908579925,107.374462,13.10394649,334.9368723
39049009230,76.24012015,16.43704355,3553.552,766.1306,19.0153,116.1932,204.10902,1978.765662,1220.038737,758.7269249,648.6083214,2130.821138,7.136003735,152.055476,15.1960297,708.2869441
39049009240,94.45831253,1.647528707,1892,33,10,29,37,817,563,254,242,835,2.155688623,18,9.086370444,182
39049009250,85.98179959,9.109309816,1681.804,178.1781,1.979757,42.56478,51.47368,805.7611336,539.4838057,266.2773279,209.854251,853.2753036,5.568445471,47.51417,7.439271255,145.5121458
39049009311,62.61922747,31.05646398,1783.147,884.3648,12.00192,65.05031,103.03917,1264.794155,727.4512243,537.3429304,453.2811031,1327.844845,4.748347688,63.05069,4.393621655,125.1129021
39049009312,54.23880597,38.68656716,1817,1296,8,44,184,1449,844,605,456,1535,5.602605863,86,12.02985075,403
39049009321,63.82947164,28.23613185,1316.802,582.5114,7.884433,99.56791,56.2339,910.5519467,535.7772139,374.7747327,313.6073717,939.1948833,3.049733033,28.6429366,7.173987483,147.9993618
39049009322,59.2651094,33.73007096,2004.346,1140.751,7.022444,106.3884,123.49206,1384.441933,938.9328294,445.5091037,384.9845012,1421.880028,2.632999568,37.438095,7.849197447,265.4598577
39049009323,32.79934836,61.30871572,1208,2258,8,35,168,1478,919,559,441,1569,5.79987253,91,13.52158566,498
39049009325,36.75464321,55.32746823,1504,2264,15,66,240,2155,827,1328,1125,2334,7.669237361,179,16.05571848,657
39049009326,47.40947075,44.62395543,851,801,22,26,94,957,381,576,473,984,2.743902439,27,17.66016713,317
39049009331,19.56974323,69.3962526,282,1000,7,14,134,687,325,362,255,826,16.82808717,139,20.95766829,302
39049009332,17.47538678,78.23488045,497,2225,9,19,94,1183,831,352,334,1215,2.633744856,32,4.676511955,133
39049009333,25.80645161,64.24731183,576,1434,3,116,101,977,543,434,436,1002,2.49500998,25,14.4265233,322
39049009334,20.71197411,73.13915858,640,2260,5,86,98,1200,865,335,240,1299,7.621247113,99,11.48867314,355
39049009336,52.95499022,40.2739726,1353,1029,13,80,80,1431,461,970,746,1550,7.677419355,119,11.23287671,287
39049009337,25.23293881,66.93528079,1002,2658,13,98,200,1532,987,545,378,1645,6.869300912,113,17.98035759,714
39049009340,72.93995809,20.21647922,2088.271,578.7978,14.99476,52.98149,127.95531,1256.561103,698.7559358,557.8051676,459.8393855,1328.535964,5.417607272,71.974861,19.51815642,558.8048184
39049009350,59.85537771,32.58723812,1624.703,884.5418,7.002852,70.07471,127.05817,1241.179469,685.6701529,555.5093162,447.417491,1328.254754,6.555616288,87.075285,10.87421702,295.1676808
39049009361,71.56057389,22.7188091,2992.787,950.1399,5.024862,131.0976,102.11657,2070.36733,1177.216794,893.1505359,732.135795,2202.295314,5.990476534,131.927984,7.026884542,293.8764681
39049009362,82.41922773,12.93703894,5440.363,853.9535,14.97037,151.7773,135.78608,2754.659046,1943.661829,810.9972174,670.1656109,2833.605086,2.786063605,78.94604,2.906340572,191.8429491
39049009371,59.78179082,32.95711061,3178,1752,16,111,258,2587,1177,1410,1106,2923,11.49503934,336,11.09857035,590
39049009372,58.36609873,35.27741372,2672,1615,17,73,200,1665,1258,407,332,1694,1.711924439,29,3.145478375,144
39049009373,65.96872515,28.43890803,2489,1073,14,72,122,1348.000046,1020.00003,328.0000156,259.0000119,1420.000048,5.070422505,72.000002,9.912536606,374.0000061
39049009374,70.57544572,22.74242644,4869,1569,19,172,258,2667.999954,1752.99997,914.9999844,695.9999881,2785.999952,4.235463031,117.999998,5.131178343,353.9999939
39049009381,76.98041255,16.69266771,4441,963,16,138,207,2401,1557,844,683,2596,7.51155624,195,11.45779164,661
39049009382,92.8665786,3.764861295,2812,114,3,27,70,1322,835,487,395,1376,3.924418605,54,2.542932629,77
39049009383,88.9604811,7.774914089,2071,181,9,22,44,1073,608,465,404,1125,4.622222222,52,8.934707904,208
39049009384,88.66178172,7.057462399,2299,183,7,29,75,1192,712,480,417,1248,4.487179487,56,3.740840725,97
39049009385,89.76539589,6.392961877,3061,218,11,76,43,1426,925,501,410,1483,3.843560351,57,3.48973607,119
39049009386,72.2147651,20.80536913,2152,620,17,38,149,1210,719,491,361,1305,7.279693487,95,12.71812081,379
39049009390,90.0680911,6.715191359,3836,286,9,49,79,1622,1239,383,312,1687,3.85299348,65,4.273303592,182
39049009410,79.56521739,15.38461538,2379,460,14,42,89,1061,810,251,193,1107,4.155374887,46,6.153846154,184
39049009420,84.30434143,10.49229808,5236.839,651.7633,20.01019,69.09711,233.11478,2230.443146,1643.051139,587.3920072,400.3204684,2397.501425,6.968015838,167.058279,6.025919931,374.319661
39049009430,74.64490972,19.53933922,3886.014,1017.218,13.98925,128.901,157.87866,1959.494434,1427.902879,531.5915547,431.6683301,2041.431478,4.013705328,81.937044,8.253358925,429.6698657
39049009440,96.04790419,0.928143713,3208,31,24,21,56,1355,940,415,346,1423,4.778636683,68,5.928143713,198
39049009450,92.05584084,5.100810909,5341.994,295.9997,23.99997,39.99995,100.999882,2094.997601,1618.998146,475.9994548,391.9995511,2229.997446,6.053811642,134.999845,4.204721952,243.9997206
39049009495,79.76635537,15.05006881,3245.693,612.3873,19.57402,45.14009,143.80913,1678.971824,1046.611035,632.3607893,478.9643629,1865.124779,9.980723922,186.152955,7.942273708,323.1711172
39049009497,96.67629041,1.107899603,1704.403,19.53227,9.341522,9.341522,20.3815,670.0419075,532.466763,137.5751445,137.5751445,684.4788054,2.109181144,14.4368979,7.369942197,129.9320809
39049009520,92.32773596,4.198031268,3189,145,18,14,87,1297,979,318,235,1352,4.068047337,55,7.180081065,248
39049009590,97.62014787,0.415896488,4225,18,15,26,40,1724,1271,453,390,1791,3.740926857,67,4.066543438,176
39049009600,82.54225515,12.38712665,3565,535,13,130,76,1762,1162,600,512,1884,6.475583864,122,12.27135911,530
39049009711,96.41014617,1.203783319,4485,56,8,18,85,1742,1252,490,389,1819,4.233095107,77,4.922613929,229
39049009712,97.89883268,0.583657588,2516,15,3,6,30,1119,745,374,328,1152,2.864583333,33,5.097276265,131
39049009720,95.83965911,1.878342392,6183.363,121.1865,16.00606,39.10539,89.11508,2695.43238,1758.912713,936.5196667,812.3803621,2838.576529,5.042814507,143.144149,5.380933757,347.1659542
39049009740,97.17256244,0.98896919,7664,78,8,56,81,2725,2362,363,296,2800,2.678571429,75,1.74971472,138
39049009751,96.15655853,1.904090268,2727,54,15,12,28,965,815,150,123,989,2.42669363,24,3.349788434,95
39049009752,93.67088608,2.705385952,3774,109,4,47,94,1336,1154,182,144,1450,7.862068966,114,2.854306279,115
39049009800,97.99455665,0.42973786,6841,30,18,28,64,2539,2089,450,363,2629,3.423354888,90,4.841713222,338
39049009900,78.92307692,12.30769231,1026,160,2,62,49,807,165,642,432,909,11.22112211,102,16.69230769,217
39049010000,89.58699422,5.733265896,4649.565,297.5565,9.556522,139.3565,93.96522,2305.504348,1339.304348,966.2,774.1043478,2414.434783,4.511632941,108.930435,5.19008126,269.3652174
39049010100,6.080385892,87.38466805,29.30746,421.1941,1.254448,0.7920104,27.582846,177.5008053,132.879588,44.62121731,41.10972776,203.1815642,12.63931548,25.6807589,33.75341612,162.6914657
39049010200,79.86815465,14.96610759,4915.23,921.0412,29.62261,68.05793,216.62524,2538.155134,1584.611657,953.5434772,722.9345708,2818.309997,9.940526887,280.154863,7.938775177,488.5665142
39049010300,82.03341567,13.65764996,2324.827,387.0578,15.46243,20.46243,86.19075,904.8959538,679.3583815,225.5375723,155.5375723,1007.156069,10.15335342,102.2601152,12.67964151,359.3410405
39049010400,89.54587328,1.616793006,4762.945,85.99722,5.538654,405.4744,59.044887,1816.143377,1438.974069,377.169308,321.8361082,1938.478292,6.310873612,122.334915,2.284218598,121.4975872
39049010500,89.09642122,1.626837024,6921.01,126.3727,8.669846,620.5841,91.36349,2678.986071,2090.445482,588.5405888,502.1845354,2870.144537,6.66023831,191.158466,2.264771214,175.9274279
39049010601,90.61684611,1.706019937,1843.771,34.7122,4.276141,96.84202,55.08676,746.8154727,534.2661044,212.5493683,164.7572026,795.1107137,6.074027197,48.295241,2.966991581,60.36905134
39049010602,90.61690092,1.706020718,5486.229,103.2878,12.72386,288.158,163.91321,2222.184527,1589.733896,632.4506317,490.2427974,2365.889286,6.07402721,143.704759,2.966992423,179.6309487
39049010700,83.00455235,6.373292868,1094,84,5,97,38,818,243,575,455,883,7.361268403,65,17.52655539,231
39049980000,93.58973879,6.41025653,0.7993844,0.05475236,0,0,0,0.339464607,0.186158011,0.153306597,0.229959895,0.339464607,0,0,75.64102156,0.646077801
