"","GEOID","blackpoverty_2021","fouryeardegree_2021","graddegree_2021","hsgrad_2021","latinopoverty_2021","lessthanhs_2021","over25population_2021","poverty_2021","white25andolder_2021","whitepoverty_2021","pctlessthanhs_2021","pcthsgrad_2021","pctfouryeardegree_2021","pctgraddegree_2021"
"1",39049000110,0,827,945,345,81,74,2858,241,2719,220,2.58922323303009,12.0713785864241,28.9363191042687,33.0650804758572
"2",39049000120,1,977,917,204,49,63,2739,103,2542,102,2.30010952902519,7.44797371303395,35.6699525374224,33.4793720335889
"3",39049000210,0,1007,750,190,68,12,2651,105,2381,95,0.4526593738212,7.16710675216899,37.9856657864957,28.291210863825
"4",39049000220,0,1303,1309,115,160,38,3257,63,3025,63,1.16671783850169,3.53085661651827,40.0061406202026,40.1903592262818
"5",39049000310,167,301,250,717,201,312,2195,577,1566,363,14.2141230068337,32.6651480637813,13.7129840546697,11.3895216400911
"6",39049000320,183,339,285,841,80,310,2273,420,1575,27,13.6383633963924,36.9995600527937,14.9142102947646,12.5384953805543
"7",39049000330,81,153,76,776,169,528,1981,899,1247,513,26.653205451792,39.1721352852095,7.7233720343261,3.83644623927309
"8",39049000410,0,837,511,197,14,31,1938,171,1808,171,1.59958720330237,10.1651186790506,43.1888544891641,26.3673890608875
"9",39049000420,2,1169,790,302,28,134,2850,118,2647,101,4.70175438596491,10.5964912280702,41.0175438596491,27.719298245614
"10",39049000500,1,1540,988,412,113,46,3364,582,2879,562,1.36741973840666,12.2473246135553,45.7788347205707,29.3697978596908
"11",39049000600,157,1030,614,363,247,116,2592,878,2174,611,4.47530864197531,14.0046296296296,39.7376543209877,23.6882716049383
"12",39049000710,217,154,115,842,255,411,2182,792,1094,456,18.8359303391384,38.5884509624198,7.05774518790101,5.27039413382218
"13",39049000720,716,52,41,665,121,398,1619,1186,523,328,24.5830759728227,41.0747374922792,3.2118591723286,2.53242742433601
"14",39049000730,1698,147,45,861,445,548,2396,2305,771,515,22.8714524207012,35.9348914858097,6.13522537562604,1.87813021702838
"15",39049000810,371,266,104,661,73,394,1988,610,1298,239,19.8189134808853,33.2494969818913,13.3802816901408,5.23138832997988
"16",39049000820,484,303,167,940,206,350,2518,778,1433,243,13.8999205718824,37.3312152501986,12.0333598093725,6.63224781572677
"17",39049000910,700,142,55,1014,63,454,2226,891,545,108,20.3953279424978,45.5525606469003,6.37915543575921,2.47079964061096
"18",39049000920,996,70,29,412,289,501,1233,1122,288,106,40.632603406326,33.4144363341444,5.6772100567721,2.35198702351987
"19",39049001000,228,708,523,139,203,37,2195,2383,1544,1875,1.68564920273349,6.33257403189066,32.255125284738,23.8268792710706
"20",39049001110,63,121,131,70,55,0,441,1682,298,1228,0,15.8730158730159,27.437641723356,29.7052154195011
"21",39049001121,0,48,33,2,0,0,116,72,94,72,0,1.72413793103448,41.3793103448276,28.448275862069
"22",39049001122,62,205,231,15,42,0,554,352,334,214,0,2.70758122743682,37.0036101083032,41.6967509025271
"23",39049001200,122,330,103,82,237,61,692,2008,525,1612,8.8150289017341,11.849710982659,47.6878612716763,14.8843930635838
"24",39049001301,15,302,69,114,57,39,1021,1515,870,1393,3.81978452497551,11.1655239960823,29.5788442703232,6.75808031341822
"25",39049001302,33,0,10,0,36,0,29,888,25,719,0,0,0,34.4827586206897
"26",39049001400,456,43,15,402,178,195,907,604,170,98,21.4994487320838,44.3219404630651,4.74090407938258,1.65380374862183
"27",39049001500,714,48,38,482,139,191,1102,836,168,112,17.3321234119782,43.7386569872958,4.3557168784029,3.44827586206897
"28",39049001600,312,446,402,238,187,53,1471,781,838,235,3.60299116247451,16.1794697484704,30.3195105370496,27.3283480625425
"29",39049001700,342,484,337,138,182,31,1312,1430,976,899,2.36280487804878,10.5182926829268,36.890243902439,25.6859756097561
"30",39049001810,85,630,242,12,200,22,1055,1675,671,1297,2.08530805687204,1.13744075829384,59.7156398104265,22.9383886255924
"31",39049001820,10,736,629,158,143,0,1850,324,1577,264,0,8.54054054054054,39.7837837837838,34
"32",39049001901,62,1049,660,184,59,40,2409,476,1970,378,1.6604400166044,7.63802407638024,43.5450394354504,27.3972602739726
"33",39049001902,0,2036,983,241,469,108,3900,271,3539,163,2.76923076923077,6.17948717948718,52.2051282051282,25.2051282051282
"34",39049002000,212,1235,929,165,139,69,2772,371,2371,74,2.48917748917749,5.95238095238095,44.5526695526696,33.5137085137085
"35",39049002100,7,916,692,53,154,31,1809,232,1663,213,1.71365395245992,2.9297954671089,50.6357103372029,38.253178551686
"36",39049002200,254,1440,704,113,101,47,2647,432,1943,164,1.77559501322252,4.26898375519456,54.4012089157537,26.5961465810351
"37",39049002300,119,145,52,433,35,363,1242,442,352,226,29.2270531400966,34.8631239935588,11.6747181964573,4.18679549114332
"38",39049002510,640,247,102,629,247,343,1927,815,353,144,17.7996886351842,32.6414115204982,12.8178515827711,5.29320186818889
"39",39049002520,671,381,391,388,149,203,2216,921,733,74,9.16064981949459,17.5090252707581,17.1931407942238,17.64440433213
"40",39049002600,795,139,87,1026,555,590,2936,1613,1060,503,20.0953678474114,34.9455040871935,4.73433242506812,2.96321525885559
"41",39049002710,427,207,88,548,110,139,1437,678,274,215,9.67292971468337,38.1350034794711,14.4050104384134,6.12386917188587
"42",39049002730,655,65,54,727,161,195,1534,946,316,215,12.7118644067797,47.3924380704042,4.23728813559322,3.52020860495437
"43",39049002740,133,650,575,232,65,51,2037,223,1486,90,2.50368188512518,11.3892979872361,31.9096710849288,28.2277859597447
"44",39049002750,998,159,16,412,123,181,1212,1321,418,187,14.9339933993399,33.993399339934,13.1188118811881,1.32013201320132
"45",39049002760,178,648,411,820,353,205,2752,489,1605,127,7.44912790697674,29.796511627907,23.546511627907,14.9345930232558
"46",39049002770,178,131,44,624,387,152,1377,532,432,149,11.038489469862,45.3159041394335,9.51343500363108,3.19535221496006
"47",39049002780,71,685,555,290,35,70,2134,123,1443,43,3.28022492970947,13.5895032802249,32.0993439550141,26.0074976569822
"48",39049002800,792,250,88,531,12,169,1581,850,564,58,10.6894370651486,33.5863377609108,15.8127767235927,5.56609740670462
"49",39049002900,1945,57,114,744,116,308,1583,2140,202,84,19.4567277321541,46.9993682880606,3.60075805432723,7.20151610865445
"50",39049003000,158,1094,584,245,72,86,2366,555,1849,381,3.63482671174979,10.3550295857988,46.2383770076078,24.6830092983939
"51",39049003200,0,1316,756,205,275,39,2590,174,2322,160,1.50579150579151,7.91505791505791,50.8108108108108,29.1891891891892
"52",39049003600,212,286,117,289,18,116,1448,420,631,189,8.01104972375691,19.9585635359116,19.7513812154696,8.08011049723757
"53",39049003700,551,772,467,411,82,146,2359,791,1426,146,6.18906316235693,17.4226367104705,32.7257312420517,19.7965239508266
"54",39049003800,211,564,521,360,10,123,1936,390,1541,179,6.35330578512397,18.595041322314,29.1322314049587,26.9111570247934
"55",39049004001,143,408,277,112,102,20,1147,477,922,205,1.743679163034,9.76460331299041,35.5710549258936,24.1499564080209
"56",39049004002,251,528,525,387,37,164,2003,401,1101,116,8.18771842236645,19.3210184722916,26.3604593110335,26.2106839740389
"57",39049004200,120,78,60,132,27,16,370,203,218,67,4.32432432432432,35.6756756756757,21.0810810810811,16.2162162162162
"58",39049004301,0,1059,725,28,75,21,2170,253,2009,158,0.967741935483871,1.29032258064516,48.8018433179723,33.4101382488479
"59",39049004302,139,88,0,439,676,436,1283,1274,905,524,33.9828526890101,34.2166796570538,6.858924395947,0
"60",39049004500,99,667,171,1027,321,795,3708,1776,3019,1329,21.4401294498382,27.6968716289105,17.9881337648328,4.61165048543689
"61",39049004610,18,779,540,617,177,277,2941,499,2695,468,9.41856511390684,20.9792587555253,26.4875892553553,18.3611016661
"62",39049004620,424,182,46,611,343,457,1649,1070,1122,545,27.7137659187386,37.0527592480291,11.0369921164342,2.78956943602183
"63",39049004700,537,105,96,1358,1367,864,3261,1804,1689,709,26.4949402023919,41.6436675866299,3.21987120515179,2.94388224471021
"64",39049004810,71,283,195,713,129,345,2141,357,1739,259,16.1139654367118,33.3021952358711,13.218122372723,9.10789350770668
"65",39049004820,174,141,46,553,243,361,1515,541,1009,226,23.8283828382838,36.5016501650165,9.30693069306931,3.03630363036304
"66",39049004900,222,303,168,1582,358,918,3871,1880,2813,1496,23.7148023766469,40.8679927667269,7.8274347713769,4.33996383363472
"67",39049005001,131,176,77,445,15,231,1180,609,977,450,19.5762711864407,37.7118644067797,14.9152542372881,6.52542372881356
"68",39049005002,430,96,24,722,294,807,1985,1644,1235,793,40.6549118387909,36.3727959697733,4.83627204030227,1.20906801007557
"69",39049005100,913,31,38,644,43,323,1199,1313,560,282,26.9391159299416,53.7114261884904,2.58548790658882,3.16930775646372
"70",39049005200,14,1242,925,88,219,46,2735,183,2417,169,1.6819012797075,3.21755027422303,45.4113345521024,33.8208409506399
"71",39049005300,575,485,186,442,78,203,2002,1015,1093,288,10.1398601398601,22.0779220779221,24.2257742257742,9.29070929070929
"72",39049005410,398,76,56,272,100,254,1001,613,209,84,25.3746253746254,27.1728271728272,7.59240759240759,5.59440559440559
"73",39049005420,651,127,103,568,4,154,1357,765,263,68,11.3485630066323,41.8570375829035,9.35887988209285,7.59027266028003
"74",39049005500,1363,359,134,1197,153,372,2979,1551,572,100,12.4874118831823,40.1812688821752,12.0510238335012,4.49815374286673
"75",39049005610,313,212,43,348,6,204,1198,490,595,142,17.0283806343907,29.0484140233723,17.6961602671119,3.58931552587646
"76",39049005620,190,262,162,383,44,293,1568,486,1169,284,18.6862244897959,24.4260204081633,16.7091836734694,10.3316326530612
"77",39049005700,14,1385,1272,304,128,101,3429,226,3185,205,2.94546515018956,8.86555847185769,40.3907844852727,37.095363079615
"78",39049005810,2,858,853,212,40,37,2675,271,2258,268,1.38317757009346,7.92523364485981,32.0747663551402,31.8878504672897
"79",39049005820,71,560,251,407,185,64,1946,316,1639,221,3.28879753340185,20.9146968139774,28.7769784172662,12.8982528263104
"80",39049005900,658,187,66,617,86,232,1469,887,524,149,15.7930565010211,42.001361470388,12.7297481279782,4.4928522804629
"81",39049006000,215,135,16,514,0,292,1418,539,1007,259,20.5923836389281,36.2482369534556,9.52045133991537,1.12834978843441
"82",39049006100,482,178,105,681,79,361,1625,1063,1059,476,22.2153846153846,41.9076923076923,10.9538461538462,6.46153846153846
"83",39049006236,0,1730,1716,96,499,0,4007,0,3405,0,0,2.39580733715997,43.174444721737,42.8250561517345
"84",39049006237,33,1999,1236,436,158,208,4856,220,3609,98,4.2833607907743,8.97858319604613,41.165568369028,25.4530477759473
"85",39049006238,0,563,330,116,127,0,1277,44,955,1,0,9.08379013312451,44.087705559906,25.8418167580266
"86",39049006239,0,2237,1072,438,28,262,4809,575,2214,262,5.44811811187357,9.10792264504055,46.5169473903098,22.2915367020171
"87",39049006240,49,1233,621,866,173,0,3486,708,2865,659,0,24.8422260470453,35.3700516351119,17.8141135972461
"88",39049006241,0,1759,1708,1104,96,452,5720,1135,4395,509,7.9020979020979,19.3006993006993,30.7517482517482,29.8601398601399
"89",39049006301,0,514,393,452,252,76,1883,287,1562,184,4.03611258629846,24.0042485395645,27.2968667020712,20.8709506107276
"90",39049006302,0,1168,892,205,380,59,3047,818,2285,714,1.93633081719724,6.72792911060059,38.3327863472268,29.2746964227109
"91",39049006310,0,1280,1240,106,34,46,2991,52,2572,40,1.53794717485791,3.54396522902039,42.7950518221331,41.4577064526914
"92",39049006321,0,996,1179,135,149,79,2879,40,2646,25,2.74400833622786,4.6891281695033,34.5953456061132,40.9517193469955
"93",39049006323,7,1164,1024,190,112,32,2715,88,2435,61,1.17863720073665,6.99815837937385,42.8729281767956,37.7163904235727
"94",39049006330,0,1652,934,140,52,0,3375,131,3231,131,0,4.14814814814815,48.9481481481481,27.6740740740741
"95",39049006340,103,1032,962,144,316,125,2663,190,1990,87,4.69395418700713,5.40743522343222,38.7532857679309,36.1246714232069
"96",39049006351,3,947,714,673,240,141,3103,284,2797,168,4.54398968739929,21.6886883660973,30.5188527231711,23.0099903319368
"97",39049006352,47,838,646,228,276,211,2449,618,1393,387,8.61576153532054,9.30992241731319,34.2180481829318,26.3781135157207
"98",39049006353,91,1189,403,846,142,143,3977,897,3291,558,3.59567513200905,21.2723158159417,29.8969072164948,10.1332662811164
"99",39049006372,278,1215,867,823,1262,219,4603,1059,3119,601,4.75776667390832,17.8796437106235,26.3958288072996,18.8355420378014
"100",39049006384,0,1374,953,440,239,58,3847,66,3110,66,1.50766831297115,11.4374837535742,35.7161424486613,24.7725500389914
"101",39049006386,26,1177,850,451,80,120,3549,459,2673,377,3.38123415046492,12.7078050154973,33.1642716258101,23.9504085657932
"102",39049006387,238,1601,1106,787,298,95,4322,486,3709,168,2.19805645534475,18.2091624248033,37.043035631652,25.5900046274873
"103",39049006391,0,1503,1244,293,77,63,3634,75,3087,14,1.73362685745735,8.06274078150798,41.3593835993396,34.232250963126
"104",39049006392,0,1220,1028,215,0,35,3012,117,2752,104,1.16201859229748,7.13811420982736,40.5046480743692,34.1301460823373
"105",39049006393,0,1705,920,534,196,54,4047,110,3220,90,1.33432171979244,13.1949592290586,42.1299728193724,22.7328885594267
"106",39049006394,0,622,203,369,108,33,2063,78,1817,78,1.59961221522055,17.8865729520116,30.1502666020359,9.84003877847794
"107",39049006395,47,1254,444,351,74,80,2856,331,2285,270,2.80112044817927,12.2899159663866,43.9075630252101,15.546218487395
"108",39049006396,18,1628,758,799,132,192,4256,418,2867,278,4.51127819548872,18.7734962406015,38.2518796992481,17.8101503759398
"109",39049006397,0,1121,584,690,328,265,4077,467,3304,324,6.49987736080451,16.9242089771891,27.495707628158,14.3242580328673
"110",39049006398,0,1034,866,121,36,103,2431,153,1878,153,4.23693953105718,4.97737556561086,42.5339366515837,35.6232003290827
"111",39049006410,0,697,815,140,38,19,2052,37,1902,37,0.925925925925926,6.82261208576998,33.9668615984405,39.7173489278752
"112",39049006430,0,1614,1123,225,283,98,3490,179,2868,97,2.8080229226361,6.44699140401146,46.2464183381089,32.1776504297994
"113",39049006500,0,916,1090,64,44,0,2276,75,2049,68,0,2.81195079086116,40.2460456942003,47.8910369068541
"114",39049006600,0,1314,1180,154,89,8,2809,51,2724,51,0.284798860804557,5.48237807048772,46.7782128871484,42.0078319686721
"115",39049006710,0,745,571,333,20,62,2257,154,1932,143,2.74700930438635,14.7540983606557,33.0084182543199,25.2990695613646
"116",39049006721,2,1038,1270,144,76,1,2770,8,2648,6,0.036101083032491,5.1985559566787,37.4729241877256,45.8483754512635
"117",39049006722,0,739,507,314,97,86,2132,63,1958,63,4.03377110694184,14.7279549718574,34.6622889305816,23.780487804878
"118",39049006810,0,695,535,115,25,8,1697,81,1621,81,0.47142015321155,6.77666470241603,40.9546258102534,31.5262227460224
"119",39049006821,249,597,460,632,25,147,2643,887,2189,604,5.56186152099886,23.9122209610291,22.5879682179342,17.4044646235339
"120",39049006822,0,593,447,215,112,54,1699,103,1585,103,3.17834020011772,12.6545026486168,34.9028840494408,26.3095938787522
"121",39049006910,0,467,436,78,59,24,1212,13,1142,13,1.98019801980198,6.43564356435644,38.5313531353135,35.973597359736
"122",39049006921,354,544,171,767,412,277,2561,810,1838,243,10.8160874658337,29.9492385786802,21.2417024599766,6.67707926591175
"123",39049006923,92,794,275,642,571,617,3174,288,1926,183,19.4391934467549,20.226843100189,25.0157529930687,8.66414618777568
"124",39049006924,59,581,287,537,161,515,2800,580,1219,70,18.3928571428571,19.1785714285714,20.75,10.25
"125",39049006931,941,852,169,1671,1847,393,4853,2003,1689,126,8.098083659592,34.432309911395,17.5561508345353,3.48238203173295
"126",39049006932,863,601,293,1525,358,480,4377,1330,2157,355,10.9664153529815,34.8412154443683,13.7308658898789,6.69408270504912
"127",39049006933,1749,431,123,949,404,1158,3753,2519,732,262,30.8553157474021,25.2864375166533,11.4841460165201,3.27737809752198
"128",39049006943,512,568,133,1169,537,276,3398,1112,2008,177,8.12242495585639,34.4025897586816,16.715715126545,3.91406709829311
"129",39049006944,320,849,539,874,151,404,3635,566,2545,240,11.1141678129298,24.0440165061898,23.3562585969739,14.828060522696
"130",39049006945,779,391,107,1648,849,406,3541,1339,962,140,11.4656876588534,46.5405252753459,11.0420785088958,3.02174526969783
"131",39049006950,1,809,548,262,36,4,2111,69,2003,68,0.189483657034581,12.411179535765,38.323069635244,25.9592610137376
"132",39049006991,0,1046,1098,469,167,10,3058,31,2946,31,0.327011118378025,15.3368214519294,34.2053629823414,35.9058207979071
"133",39049006992,635,582,188,935,530,388,2864,1123,882,401,13.5474860335196,32.6466480446927,20.3212290502793,6.56424581005587
"134",39049007010,102,565,257,513,78,0,2064,422,1574,222,0,24.8546511627907,27.3740310077519,12.4515503875969
"135",39049007020,0,1436,873,1065,7,124,5030,248,4539,248,2.46520874751491,21.1729622266402,28.5487077534791,17.3558648111332
"136",39049007041,0,593,405,141,77,20,1563,92,1313,73,1.27959053103007,9.021113243762,37.9398592450416,25.9117082533589
"137",39049007043,655,1357,567,842,889,157,3852,1090,2479,63,4.07580477673936,21.858774662513,35.2284527518172,14.7196261682243
"138",39049007044,230,1126,1551,590,467,152,4564,641,2894,367,3.33041191936897,12.9272567922875,24.6713409290096,33.9833479404031
"139",39049007047,57,808,419,654,215,93,3237,336,2332,152,2.87303058387396,20.2038924930491,24.9613839975286,12.9440840284214
"140",39049007048,177,1559,759,664,556,173,4204,359,2909,182,4.1151284490961,15.7944814462417,37.0837297811608,18.0542340627973
"141",39049007101,1,340,397,537,35,112,2154,415,1784,369,5.19962859795729,24.9303621169916,15.7845868152275,18.430826369545
"142",39049007102,12,864,642,401,0,33,2344,168,2135,122,1.40784982935154,17.1075085324232,36.8600682593857,27.3890784982935
"143",39049007103,18,563,248,1022,438,56,2825,432,2350,414,1.98230088495575,36.1769911504425,19.929203539823,8.7787610619469
"144",39049007112,389,1156,336,1271,652,500,4715,720,2035,90,10.6044538706257,26.9565217391304,24.5174973488865,7.12619300106044
"145",39049007113,785,750,275,988,400,331,3462,1121,1517,143,9.56094742923166,28.5384170999422,21.6637781629116,7.94338532640092
"146",39049007114,392,778,280,1056,71,74,3458,845,2016,391,2.13996529786003,30.5378831694621,22.4985540775014,8.09716599190283
"147",39049007115,1155,711,545,1093,353,307,4054,1742,1975,482,7.57276763690183,26.9610261470153,17.5382338431179,13.4435125801677
"148",39049007120,10,853,418,827,230,163,3428,60,2843,50,4.75495915985998,24.1248541423571,24.8833138856476,12.193698949825
"149",39049007193,45,1580,1164,759,31,89,4579,390,4395,345,1.94365582004805,16.5756715440052,34.5053505132125,25.4203974666958
"150",39049007198,0,888,452,344,49,70,2178,74,1785,74,3.21395775941231,15.7943067033976,40.771349862259,20.752984389348
"151",39049007199,331,1169,761,1006,98,171,4463,458,2273,120,3.83150347300022,22.5408917768317,26.1931436253641,17.0513107775039
"152",39049007202,94,553,304,603,108,115,2332,397,1254,243,4.93138936535163,25.8576329331046,23.7135506003431,13.0360205831904
"153",39049007205,19,1820,994,454,54,238,5224,222,3706,197,4.55589586523737,8.6906584992343,34.8392036753446,19.0275650842266
"154",39049007209,0,2346,1643,555,208,183,6180,232,4434,124,2.96116504854369,8.98058252427185,37.9611650485437,26.5857605177994
"155",39049007211,0,1235,714,190,56,47,2682,52,2167,52,1.7524235645041,7.08426547352722,46.0477255779269,26.6219239373602
"156",39049007212,0,1661,643,485,390,137,3397,104,2741,85,4.03297026788343,14.277303503091,48.8960847806888,18.9284662937886
"157",39049007213,0,1282,1263,543,433,62,3658,211,2678,211,1.69491525423729,14.8441771459814,35.0464734827775,34.5270639693822
"158",39049007214,0,896,704,402,169,6,2583,96,1719,96,0.232288037166086,15.5632984901278,34.6883468834688,27.2551296941541
"159",39049007215,0,2037,822,495,297,0,4347,76,3215,49,0,11.3871635610766,46.8599033816425,18.9095928226363
"160",39049007301,28,1268,218,1142,723,120,3890,262,2161,137,3.08483290488432,29.3573264781491,32.5964010282776,5.60411311053985
"161",39049007302,0,852,485,450,111,190,3185,175,2007,48,5.96546310832025,14.1287284144427,26.7503924646782,15.2276295133438
"162",39049007303,491,1289,671,1244,519,244,4525,491,3259,0,5.39226519337017,27.4917127071823,28.4861878453039,14.828729281768
"163",39049007305,67,1271,668,876,116,74,3806,430,3131,255,1.94429847609038,23.0162900683132,33.3946400420389,17.5512348922754
"164",39049007306,0,1415,833,414,150,28,3141,20,2582,20,0.891435848455906,13.1805157593123,45.049347341611,26.5202164915632
"165",39049007394,0,789,727,391,99,49,2341,21,1898,11,2.09312259718069,16.702263989748,33.7035454933789,31.0551046561299
"166",39049007397,0,721,407,669,33,47,2273,113,1241,113,2.06775186977563,29.4324681038275,31.7201935767708,17.9058512978443
"167",39049007398,956,1391,572,805,133,1047,5395,1069,2879,113,19.4068582020389,14.9212233549583,25.7831325301205,10.6024096385542
"168",39049007424,215,890,433,1223,329,329,4060,697,2795,210,8.10344827586207,30.1231527093596,21.9211822660099,10.6650246305419
"169",39049007425,62,403,224,604,73,114,2014,139,1678,62,5.66037735849057,29.9900695134062,20.0099304865938,11.1221449851043
"170",39049007426,0,895,630,463,108,84,2706,185,2414,144,3.10421286031042,17.110125646711,33.0746489283075,23.2815964523282
"171",39049007427,64,1274,666,479,183,35,4092,343,3212,263,0.855327468230694,11.7057673509286,31.1339198435973,16.2756598240469
"172",39049007492,0,1495,1235,753,39,178,4245,213,3205,213,4.19316843345112,17.7385159010601,35.2179034157833,29.093050647821
"173",39049007494,191,973,300,676,10,182,2719,436,1963,245,6.69363736667893,24.8620816476646,35.7852151526296,11.0334681868334
"174",39049007511,376,105,17,395,43,267,1072,493,111,69,24.9067164179104,36.8470149253731,9.79477611940299,1.58582089552239
"175",39049007512,597,232,74,1132,381,500,2866,904,330,75,17.4459176552687,39.4975575715283,8.09490579204466,2.58199581297976
"176",39049007520,325,59,65,641,63,301,1520,630,397,109,19.8026315789474,42.1710526315789,3.88157894736842,4.27631578947368
"177",39049007531,519,244,88,512,268,420,1669,795,595,109,25.1647693229479,30.6770521270222,14.619532654284,5.27261833433194
"178",39049007532,828,251,47,756,55,341,1822,978,173,109,18.7156970362239,41.4928649835346,13.7760702524698,2.57958287596048
"179",39049007533,302,187,34,378,353,274,1215,579,350,201,22.5514403292181,31.1111111111111,15.3909465020576,2.79835390946502
"180",39049007534,786,96,34,930,317,824,2435,939,502,84,33.8398357289528,38.1930184804928,3.94250513347023,1.39630390143737
"181",39049007550,356,307,185,348,150,184,1847,484,532,128,9.96210070384407,18.8413643746616,16.6215484569572,10.0162425554954
"182",39049007552,1102,358,272,568,93,452,2454,1396,411,17,18.4189079054605,23.1458842705786,14.5884270578647,11.0839445802771
"183",39049007553,2175,836,458,1266,466,413,3715,2401,716,131,11.1170928667564,34.0780619111709,22.5033647375505,12.328398384926
"184",39049007710,359,260,121,1315,537,464,3069,1329,1643,863,15.1189312479635,42.8478331704138,8.47181492342783,3.9426523297491
"185",39049007721,1916,298,204,944,871,1521,3823,2622,1098,343,39.7855087627518,24.6926497515041,7.79492545121632,5.33612346324876
"186",39049007722,108,457,50,652,286,484,2801,505,1542,348,17.2795430203499,23.2774009282399,16.3156015708675,1.78507675830061
"187",39049007730,75,669,231,664,348,145,2430,439,1398,26,5.96707818930041,27.3251028806584,27.5308641975309,9.50617283950617
"188",39049007740,90,291,153,273,9,160,1340,191,1071,84,11.9402985074627,20.3731343283582,21.7164179104478,11.4179104477612
"189",39049007811,152,1220,926,342,86,52,3065,886,2558,711,1.69657422512235,11.1582381729201,39.8042414355628,30.2120717781403
"190",39049007812,297,1228,439,455,163,151,3144,1105,2522,408,4.8027989821883,14.472010178117,39.058524173028,13.9631043256997
"191",39049007820,146,610,539,214,401,232,2011,1638,918,619,11.5365489806067,10.6414719045251,30.3331675783192,26.8025857782198
"192",39049007830,34,1031,816,49,256,44,2262,654,1626,456,1.94518125552608,2.16622458001768,45.579133510168,36.0742705570292
"193",39049007922,0,1496,1337,548,368,28,4411,116,3604,16,0.634776694627069,12.4234867377012,33.9152119700748,30.3105871684425
"194",39049007931,0,809,374,957,21,231,3238,258,2812,220,7.13403335392217,29.5552810376776,24.9845583693638,11.550339715874
"195",39049007941,13,860,446,237,223,134,2106,165,1715,132,6.3627730294397,11.2535612535613,40.8357075023742,21.1775878442545
"196",39049007955,0,607,281,515,0,0,1921,70,1566,70,0,26.8089536699636,31.5981259760541,14.6277980218636
"197",39049007956,325,872,497,468,428,201,2972,682,2542,335,6.76312247644684,15.7469717362046,29.3405114401077,16.7227456258412
"198",39049007957,0,977,945,799,114,110,4212,300,3908,270,2.61158594491928,18.9696106362773,23.1956315289649,22.4358974358974
"199",39049007958,0,1034,802,207,0,46,2447,16,2093,16,1.87985288107887,8.45933796485492,42.2558234572946,32.7748263179403
"200",39049007959,0,266,183,249,98,68,1210,71,919,71,5.6198347107438,20.5785123966942,21.9834710743802,15.1239669421488
"201",39049007960,198,1173,478,490,364,295,3300,742,2412,308,8.93939393939394,14.8484848484848,35.5454545454545,14.4848484848485
"202",39049007961,0,1128,714,383,108,87,2794,55,2624,51,3.11381531853973,13.7079455977094,40.3722261989979,25.5547602004295
"203",39049007962,0,1194,761,588,243,62,3523,844,3219,743,1.75986375248368,16.6903207493613,33.8915696849276,21.6009083167755
"204",39049007963,0,1053,621,269,66,269,2609,377,2206,377,10.3104637792258,10.3104637792258,40.3602912993484,23.8022230739747
"205",39049007964,50,2117,1028,530,215,118,4754,278,3965,214,2.48212031973075,11.1485065208246,44.5309213294068,21.6238956668069
"206",39049007965,43,591,331,458,249,120,2203,536,1767,355,5.44711756695415,20.7898320472083,26.8270540172492,15.0249659555152
"207",39049007966,347,1031,312,634,242,133,3137,965,2104,415,4.23971947720752,20.2103920943577,32.8657953458719,9.94580809690787
"208",39049008001,0,628,683,345,37,37,2355,69,2110,53,1.57112526539278,14.6496815286624,26.6666666666667,29.0021231422505
"209",39049008002,0,633,137,747,88,33,2328,47,2294,47,1.41752577319588,32.0876288659794,27.1907216494845,5.88487972508591
"210",39049008110,35,310,243,1470,605,341,3080,266,2346,216,11.0714285714286,47.7272727272727,10.0649350649351,7.88961038961039
"211",39049008120,33,201,78,1153,876,912,3003,633,1941,317,30.3696303696304,38.3949383949384,6.69330669330669,2.5974025974026
"212",39049008132,288,925,323,1545,1064,513,4912,423,3946,96,10.4438110749186,31.4535830618893,18.8314332247557,6.5757328990228
"213",39049008163,145,357,117,624,1058,313,2361,891,1410,304,13.2570944515036,26.4294790343075,15.1207115628971,4.95552731893266
"214",39049008164,557,251,72,1042,678,537,2863,1128,1727,571,18.7565490743975,36.3953894516242,8.76702759343346,2.5148445686343
"215",39049008165,0,296,74,565,8,128,1486,141,1284,50,8.61372812920592,38.021534320323,19.9192462987887,4.97981157469717
"216",39049008166,0,1446,583,672,261,185,3680,319,2970,310,5.02717391304348,18.2608695652174,39.2934782608696,15.8423913043478
"217",39049008167,0,189,183,530,318,467,2275,333,1681,283,20.5274725274725,23.2967032967033,8.30769230769231,8.04395604395604
"218",39049008168,454,348,63,883,150,146,2502,775,1965,321,5.83533173461231,35.2917665867306,13.9088729016787,2.51798561151079
"219",39049008169,33,595,129,1047,228,305,2900,930,2448,611,10.5172413793103,36.1034482758621,20.5172413793103,4.44827586206897
"220",39049008170,13,832,220,1131,759,188,3411,336,2738,323,5.51158018176488,33.1574318381706,24.3916739958956,6.44972148929933
"221",39049008171,194,672,234,488,420,22,2061,506,1359,243,1.06744298884037,23.6778262979136,32.6055312954876,11.353711790393
"222",39049008172,141,1231,663,727,500,259,3830,593,2719,253,6.76240208877284,18.9817232375979,32.1409921671018,17.3107049608355
"223",39049008210,104,44,51,773,335,247,1476,508,1227,275,16.7344173441734,52.3712737127371,2.9810298102981,3.45528455284553
"224",39049008230,1134,78,10,436,374,405,1140,1410,301,148,35.5263157894737,38.2456140350877,6.8421052631579,0.87719298245614
"225",39049008241,42,279,68,528,560,360,1793,427,1239,278,20.0780814277747,29.4478527607362,15.5605131065254,3.792526491913
"226",39049008242,58,1409,591,1392,896,462,4744,1116,3826,829,9.73861720067454,29.3423271500843,29.7006745362563,12.4578414839798
"227",39049008311,668,143,59,1146,145,600,2516,1176,1835,493,23.8473767885533,45.5484896661367,5.68362480127186,2.3449920508744
"228",39049008312,764,134,22,1207,872,785,2617,2219,1290,905,29.9961788307222,46.121513183034,5.12036683225067,0.840657241115781
"229",39049008321,127,278,69,860,752,453,2255,621,1450,183,20.0886917960089,38.1374722838137,12.3281596452328,3.05986696230599
"230",39049008322,127,301,86,1278,500,604,3304,980,2508,477,18.2808716707022,38.680387409201,9.11016949152542,2.60290556900726
"231",39049008330,39,23,0,451,63,269,1020,312,950,259,26.3725490196078,44.2156862745098,2.25490196078431,0
"232",39049008340,22,191,295,1418,290,728,3694,1100,3000,1078,19.7076340010828,38.3865728207905,5.17054683270168,7.98592311857066
"233",39049008350,670,901,302,1436,329,618,4639,1117,2722,447,13.3218366027161,30.9549471868937,19.4222892864842,6.5100237120069
"234",39049008360,13,941,356,1801,531,410,4910,367,4160,354,8.35030549898167,36.6802443991853,19.1649694501018,7.25050916496945
"235",39049008380,47,492,114,1347,233,616,4053,424,3150,332,15.1986183074266,33.2346410066617,12.139156180607,2.81273131014064
"236",39049008381,15,246,94,1449,24,501,3355,395,2929,254,14.9329359165425,43.1892697466468,7.33233979135619,2.80178837555887
"237",39049008382,27,689,114,809,116,238,2477,153,2269,126,9.60839725474364,32.660476382721,27.8159063383125,4.60234154218813
"238",39049008400,0,822,1263,223,42,17,2731,86,2383,69,0.622482607103625,8.16550714024167,30.0988648846576,46.2467960454046
"239",39049008500,0,1672,1306,143,345,153,3851,321,3554,321,3.97299402752532,3.71332121526876,43.4172942092963,33.9132692807063
"240",39049008710,420,101,55,639,0,166,1701,627,475,40,9.75896531452087,37.5661375661376,5.93768371546149,3.23339212228101
"241",39049008720,381,319,74,862,234,430,2604,776,702,171,16.5130568356375,33.1029185867896,12.2503840245776,2.84178187403994
"242",39049008730,461,33,21,601,98,207,1293,796,401,200,16.0092807424594,46.4810518174787,2.55220417633411,1.62412993039443
"243",39049008811,6,12,6,616,173,366,1253,392,1081,342,29.2098962490024,49.1620111731844,0.957701516360734,0.478850758180367
"244",39049008812,239,132,122,782,264,271,2267,332,703,93,11.9541243934715,34.4949272165858,5.82267313630348,5.38156153506837
"245",39049008813,306,234,0,784,109,93,1554,395,160,50,5.98455598455598,50.4504504504504,15.0579150579151,0
"246",39049008821,137,187,23,796,135,417,1748,675,1597,538,23.8558352402746,45.5377574370709,10.6979405034325,1.31578947368421
"247",39049008822,290,163,130,1229,227,539,2926,1131,2014,661,18.4210526315789,42.0027341079973,5.57074504442926,4.44292549555707
"248",39049008825,67,575,73,1829,432,721,4349,524,3429,421,16.5785237985744,42.0556449758565,13.2214302138423,1.67854679236606
"249",39049008900,45,1135,827,204,120,27,2710,356,2351,238,0.996309963099631,7.52767527675277,41.8819188191882,30.5166051660517
"250",39049009000,0,871,978,355,17,102,2525,133,2239,133,4.03960396039604,14.0594059405941,34.4950495049505,38.7326732673267
"251",39049009100,0,1258,1256,205,320,30,3088,70,2793,55,0.971502590673575,6.63860103626943,40.7383419689119,40.6735751295337
"252",39049009220,229,147,35,768,424,280,1602,638,990,278,17.478152309613,47.940074906367,9.17602996254682,2.18476903870162
"253",39049009230,476,262,75,1458,800,422,3026,984,1615,391,13.9458030403173,48.1824190350297,8.65829477858559,2.47851949768671
"254",39049009240,129,160,40,694,54,285,1670,396,1358,254,17.0658682634731,41.5568862275449,9.58083832335329,2.39520958083832
"255",39049009250,141,143,40,691,465,241,1564,705,1036,451,15.4092071611253,44.1815856777494,9.14322250639386,2.55754475703325
"256",39049009251,39,84,43,408,271,26,816,39,140,0,3.18627450980392,50,10.2941176470588,5.26960784313725
"257",39049009252,138,731,287,465,222,120,2531,285,744,34,4.74120900829712,18.3721849071513,28.8818648755433,11.3393915448439
"258",39049009311,471,286,42,676,325,289,2062,590,911,59,14.015518913676,32.7837051406402,13.8700290979631,2.0368574199806
"259",39049009312,374,129,130,846,331,246,2123,650,778,262,11.5873763542157,39.8492699010834,6.07630711257654,6.12341026848799
"260",39049009321,794,298,58,1141,175,301,2349,1095,831,199,12.813963388676,48.5738612175394,12.6862494678587,2.46913580246914
"261",39049009322,869,316,137,898,329,287,2390,995,921,100,12.0083682008368,37.5732217573222,13.2217573221757,5.73221757322176
"262",39049009323,1267,232,51,908,182,469,2360,1578,439,241,19.8728813559322,38.4745762711864,9.83050847457627,2.16101694915254
"263",39049009325,779,234,85,915,1121,735,2898,1836,857,645,25.3623188405797,31.5734989648033,8.07453416149068,2.93305728088337
"264",39049009326,597,249,25,475,331,586,1685,752,295,129,34.7774480712166,28.1899109792285,14.7774480712166,1.48367952522255
"265",39049009332,416,470,339,960,317,187,2729,503,614,71,6.85232685965555,35.1777207768413,17.2224257969952,12.4221326493221
"266",39049009334,680,274,32,658,233,229,1954,740,285,51,11.7195496417605,33.6745138178096,14.0225179119754,1.63766632548618
"267",39049009336,267,580,217,403,148,83,1781,398,877,124,4.66030320044919,22.6277372262774,32.5659741718136,12.1841661987647
"268",39049009337,555,339,138,967,86,243,2760,813,451,217,8.80434782608696,35.036231884058,12.2826086956522,5
"269",39049009340,120,217,19,836,283,313,2101,947,820,663,14.8976677772489,39.7905759162304,10.3284150404569,0.904331270823417
"270",39049009350,190,302,292,645,372,370,2228,521,735,233,16.6068222621185,28.9497307001795,13.5547576301616,13.1059245960503
"271",39049009361,222,655,960,1597,136,297,4393,336,1933,101,6.76075574778056,36.3532893239244,14.9100842249033,21.8529478716139
"272",39049009372,406,288,138,1274,452,233,2995,760,1073,273,7.779632721202,42.5375626043406,9.61602671118531,4.60767946577629
"273",39049009373,426,471,103,1240,382,472,3769,543,1253,80,12.5232157070841,32.8999734677633,12.4966834704166,2.73282037675776
"274",39049009381,389,514,201,1203,496,561,4073,1194,2276,528,13.7736312300516,29.535968573533,12.6196906457157,4.93493739258532
"275",39049009382,9,238,247,537,0,317,2123,421,1635,395,14.9317004239284,25.2943947244465,11.2105511069242,11.6344795101272
"276",39049009383,162,262,83,661,262,282,1981,528,1390,308,14.2352347299344,33.3669863705199,13.2256436143362,4.18980312973246
"277",39049009384,63,291,103,563,237,149,1750,369,1178,159,8.51428571428571,32.1714285714286,16.6285714285714,5.88571428571429
"278",39049009385,3,725,427,485,61,50,2619,199,1649,156,1.90912562046583,18.5185185185185,27.6823214967545,16.3039327987782
"279",39049009386,304,219,38,425,169,206,1562,598,506,96,13.1882202304738,27.2087067861716,14.0204865556978,2.43277848911652
"280",39049009390,102,979,560,980,772,351,4513,284,2750,150,7.7775315754487,21.7150454243297,21.6928872147131,12.4085973853313
"281",39049009391,117,576,172,889,320,188,3471,300,1454,183,5.41630653990205,25.6122154998559,16.5946413137424,4.95534428118698
"282",39049009392,258,662,73,790,301,152,2618,465,849,100,5.80595874713522,30.1757066462949,25.2864782276547,2.78838808250573
"283",39049009393,791,245,173,973,199,368,2511,995,329,80,14.6555157307845,38.7495021903624,9.75706889685384,6.88968538430904
"284",39049009394,0,241,104,563,18,117,1536,75,914,75,7.6171875,36.6536458333333,15.6901041666667,6.77083333333333
"285",39049009395,31,959,274,1061,85,118,3741,83,2471,52,3.15423683507084,28.3614006950013,25.6348569901096,7.32424485431703
"286",39049009396,485,364,123,578,172,103,1855,571,258,13,5.55256064690027,31.1590296495957,19.622641509434,6.63072776280323
"287",39049009397,495,505,177,563,13,225,2254,579,975,79,9.98225377107365,24.9778172138421,22.4046140195209,7.85270629991127
"288",39049009401,516,456,149,1245,35,331,3635,603,2173,67,9.10591471801926,34.2503438789546,12.544704264099,4.0990371389271
"289",39049009403,329,441,145,337,112,262,1777,528,1008,199,14.7439504783343,18.9645469893078,24.8171074845245,8.15981992121553
"290",39049009404,0,471,282,966,149,39,2492,263,2256,263,1.56500802568218,38.7640449438202,18.900481540931,11.3162118780096
"291",39049009405,0,617,701,611,0,47,2585,56,2357,56,1.81818181818182,23.6363636363636,23.8684719535783,27.1179883945841
"292",39049009410,45,114,43,1233,32,240,2188,279,1513,234,10.9689213893967,56.3528336380256,5.21023765996344,1.96526508226691
"293",39049009420,834,322,155,1773,235,588,3876,1459,2726,580,15.1702786377709,45.7430340557276,8.30753353973168,3.99896800825593
"294",39049009440,9,472,251,1323,469,197,3124,147,2419,92,6.30601792573624,42.3495518565941,15.1088348271447,8.03457106274008
"295",39049009495,27,507,266,1074,30,247,3168,359,2413,332,7.79671717171717,33.9015151515151,16.0037878787879,8.39646464646465
"296",39049009497,1,279,115,501,14,108,1388,152,1305,138,7.78097982708934,36.0951008645533,20.1008645533141,8.28530259365994
"297",39049009498,462,560,180,785,559,449,2765,530,1444,36,16.2386980108499,28.3905967450271,20.253164556962,6.50994575045208
"298",39049009520,93,365,197,1338,135,397,3382,420,2830,304,11.7386162034299,39.5623891188646,10.7924305144885,5.82495564754583
"299",39049009590,93,545,345,1982,51,372,4033,547,3507,454,9.22390280188445,49.1445574014381,13.5135135135135,8.55442598561865
"300",39049009600,295,507,114,1210,257,345,3128,1006,2506,592,11.0294117647059,38.6828644501279,16.2084398976982,3.64450127877238
"301",39049009711,35,353,158,1197,103,481,3332,372,3049,309,14.4357743097239,35.9243697478992,10.594237695078,4.74189675870348
"302",39049009712,5,141,103,825,0,283,2070,466,1999,461,13.6714975845411,39.8550724637681,6.81159420289855,4.97584541062802
"303",39049009751,1,1147,475,1286,56,171,4451,79,4077,78,3.84183329588856,28.8923837339924,25.7694900022467,10.671759155246
"304",39049009752,0,800,715,1390,226,309,4873,59,4101,59,6.34106300020521,28.524522881182,16.4169915862918,14.6726862302483
"305",39049009753,1,967,938,1064,13,151,4192,3,3980,2,3.60209923664122,25.381679389313,23.0677480916031,22.3759541984733
"306",39049009754,0,348,376,617,108,25,1937,29,1777,29,1.29065565307176,31.853381517811,17.9659266907589,19.4114610221993
"307",39049009755,0,1661,869,846,104,127,5405,101,4559,85,2.34967622571693,15.6521739130435,30.7308048103608,16.0777058279371
"308",39049009756,39,225,63,596,94,185,1436,122,1276,83,12.883008356546,41.5041782729805,15.6685236768802,4.38718662952646
"309",39049009757,0,693,350,1274,17,220,3464,329,3179,329,6.35103926096998,36.7782909930716,20.0057736720554,10.1039260969977
"310",39049009801,0,523,297,917,63,150,2471,457,2244,450,6.07041683528936,37.1104815864023,21.1655200323756,12.0194253338729
"311",39049009802,0,326,19,1165,45,403,2734,175,2704,170,14.7403072421361,42.6115581565472,11.9239209948793,0.6949524506218
"312",39049009900,125,214,81,344,397,220,1177,409,356,271,18.6915887850467,29.2268479184367,18.1818181818182,6.88190314358539
"313",39049010000,128,1860,730,423,56,145,3999,517,3166,364,3.62590647661915,10.5776444111028,46.5116279069767,18.2545636409102
"314",39049010100,8,487,258,68,99,58,1078,63,369,30,5.38033395176252,6.30797773654917,45.1762523191095,23.9332096474954
"315",39049010201,0,406,64,1072,215,49,2784,193,1649,0,1.76005747126437,38.5057471264368,14.5833333333333,2.29885057471264
"316",39049010202,0,789,443,618,208,349,2986,60,1664,22,11.687876758205,20.6965840589417,26.42330877428,14.8359008707301
"317",39049010203,1,804,385,1150,0,96,2714,236,1435,235,3.53721444362564,42.3728813559322,29.6241709653648,14.1857037582903
"318",39049010204,37,841,378,779,202,115,3729,304,1846,267,3.0839367122553,20.8903191204076,22.5529632609279,10.1367658889783
"319",39049010300,164,114,60,507,129,140,1286,465,1072,266,10.8864696734059,39.4245723172628,8.8646967340591,4.6656298600311
"320",39049010401,0,424,598,68,264,46,1350,88,959,47,3.40740740740741,5.03703703703704,31.4074074074074,44.2962962962963
"321",39049010402,0,1519,1137,475,285,179,3913,147,2786,147,4.57449527216969,12.1390237669307,38.819320214669,29.0569895221058
"322",39049010501,0,1352,1301,213,112,104,3488,125,2554,50,2.98165137614679,6.10665137614679,38.7614678899083,37.2993119266055
"323",39049010502,0,694,782,337,211,108,2461,0,2059,0,4.38845997561967,13.6936204794799,28.1999187322227,31.7757009345794
"324",39049010601,0,1632,850,467,209,74,3763,124,3129,121,1.96651607759766,12.4103109221366,43.3696518735052,22.5883603507839
"325",39049010602,0,1350,844,553,680,201,4022,114,3288,43,4.99751367478866,13.7493784186972,33.5653903530582,20.9845847836897
"326",39049010700,9,300,124,246,105,50,1109,78,882,65,4.50856627592426,22.1821460775473,27.0513976555455,11.1812443642922
"327",39049010900,0,1230,631,701,508,226,3747,145,2543,145,6.03149186015479,18.708299973312,32.826261008807,16.8401387776888
"328",39049980000,0,0,0,0,0,0,0,0,0,0,NA,NA,NA,NA
